CRIM,ZN,INDUS,CHAS,NOX,RM,AGE,DIS,RAD,TAX,PTRATIO,B,LSTAT,target,Residual_signed,Residual,Residual_CV
0.00632,18.0,2.31,0,0.538,6.575,65.2,4.09,1,296.0,15.3,396.9,4.98,24.0,-1.1849999999999987,1.404224999999997,0.03459600000000659
0.02731,0.0,7.07,0,0.469,6.421,78.9,4.9671,2,242.0,17.8,396.9,9.14,21.6,-0.18499999999996675,0.034224999999987696,0.13875624999999112
0.02729,0.0,7.07,0,0.469,7.185,61.1,4.9671,2,242.0,17.8,392.83,4.03,34.7,-0.33299999999997,0.11088899999998002,0.8299210000001319
0.03237,0.0,2.18,0,0.458,6.998,45.8,6.0622,3,222.0,18.7,394.63,2.94,33.4,-0.3730000000000473,0.13912900000003528,0.4013222499999524
0.06905,0.0,2.18,0,0.458,7.147,54.2,6.0622,3,222.0,18.7,396.9,5.33,36.2,0.6950000000000429,0.48302500000005966,0.2435422499999974
0.02985,0.0,2.18,0,0.458,6.43,58.7,6.0622,3,222.0,18.7,394.12,5.21,28.7,1.9690000000000047,3.8769610000000188,0.06375624999998271
0.08829,12.5,7.87,0,0.524,6.012,66.6,5.5605,5,311.0,15.2,395.6,12.43,22.9,0.8979999999999677,0.8064039999999421,0.041412249999994946
0.14455,12.5,7.87,0,0.524,6.172,96.1,5.9505,5,311.0,15.2,396.9,19.15,27.1,3.400000000000034,11.560000000000231,36.6690802500002
0.21124,12.5,7.87,0,0.524,5.631,100.0,6.0821,5,311.0,15.2,386.63,29.93,16.5,-0.5419999999999945,0.29376399999999403,0.17015624999998946
0.17004,12.5,7.87,0,0.524,6.004,85.9,6.5921,5,311.0,15.2,386.71,17.1,18.9,-0.38400000000002876,0.1474560000000221,2.7390249999999803
0.22489,12.5,7.87,0,0.524,6.377,94.3,6.3467,5,311.0,15.2,392.52,20.45,15.0,-2.803999999999995,7.862415999999971,0.4355999999999978
0.11747,12.5,7.87,0,0.524,6.009,82.9,6.2267,5,311.0,15.2,396.9,13.27,18.9,-0.8600000000000207,0.7396000000000357,0.00960399999999771
0.09378,12.5,7.87,0,0.524,5.889,39.0,5.4509,5,311.0,15.2,390.5,15.71,21.7,0.23399999999998755,0.05475599999999418,1.7609289999999198
0.62976,0.0,8.14,0,0.538,5.949,61.8,4.7075,4,307.0,21.0,396.9,8.26,20.4,-0.017000000000031434,0.0002890000000010688,0.26780624999999086
0.63796,0.0,8.14,0,0.538,6.096,84.5,4.4619,4,307.0,21.0,380.02,10.26,18.2,-0.6380000000000265,0.4070440000000339,1.5215222499999896
0.62739,0.0,8.14,0,0.538,5.834,56.5,4.4986,4,307.0,21.0,395.62,8.47,19.9,-0.17000000000003368,0.02890000000001145,0.23863225000001925
1.05393,0.0,8.14,0,0.538,5.935,29.3,4.4986,4,307.0,21.0,386.85,6.58,23.1,0.8230000000000253,0.6773290000000416,2.262015999999972
0.7842,0.0,8.14,0,0.538,5.99,81.7,4.2579,4,307.0,21.0,386.75,14.67,17.5,-0.5429999999999993,0.2948489999999992,0.32890224999999507
0.80271,0.0,8.14,0,0.538,5.456,36.6,3.7965,4,307.0,21.0,288.99,11.69,20.2,0.4829999999999792,0.23328899999997993,4.915089000000042
0.7258,0.0,8.14,0,0.538,5.727,69.5,3.7965,4,307.0,21.0,390.95,11.28,18.2,-0.41200000000002746,0.16974400000002263,0.8136039999999954
1.25179,0.0,8.14,0,0.538,5.57,98.1,3.7979,4,307.0,21.0,376.57,21.02,13.6,-0.32699999999999463,0.10692899999999649,0.782340249999986
0.85204,0.0,8.14,0,0.538,5.965,89.2,4.0123,4,307.0,21.0,392.53,13.83,19.6,0.19000000000001904,0.03610000000000724,0.6980602499999639
1.23247,0.0,8.14,0,0.538,6.142,91.7,3.9769,4,307.0,21.0,396.9,18.72,15.2,-0.2270000000000163,0.0515290000000074,0.25704899999998704
0.98843,0.0,8.14,0,0.538,5.813,100.0,4.0952,4,307.0,21.0,394.54,19.88,14.5,-0.18799999999999528,0.035343999999998224,0.6091802499999639
0.75026,0.0,8.14,0,0.538,5.924,94.1,4.3996,4,307.0,21.0,394.33,16.3,15.6,-0.13499999999998735,0.018224999999996584,3.0310810000000172
0.84054,0.0,8.14,0,0.538,5.599,85.7,4.4546,4,307.0,21.0,303.42,16.51,13.9,-0.584000000000005,0.3410560000000058,2.642250250000025
0.67191,0.0,8.14,0,0.538,5.813,90.3,4.682,4,307.0,21.0,376.88,14.81,16.6,-0.5119999999999791,0.2621439999999786,1.3888622499999825
0.95577,0.0,8.14,0,0.538,6.047,88.8,4.4534,4,307.0,21.0,306.38,17.28,14.8,-0.12199999999998568,0.014883999999996504,0.8949159999999592
0.77299,0.0,8.14,0,0.538,6.495,94.4,4.4547,4,307.0,21.0,387.94,12.8,18.4,-0.6030000000000264,0.3636090000000318,1.65636899999997
1.00245,0.0,8.14,0,0.538,6.674,87.3,4.239,4,307.0,21.0,380.23,11.98,21.0,-0.9840000000000053,0.9682560000000104,1.2678760000000107
1.13081,0.0,8.14,0,0.538,5.713,94.1,4.233,4,307.0,21.0,360.17,22.6,12.7,-0.7980000000000143,0.6368040000000228,2.0793639999999853
1.35472,0.0,8.14,0,0.538,6.072,100.0,4.175,4,307.0,21.0,376.73,13.04,14.5,-2.128,4.528384000000001,2.9894409999999727
1.38799,0.0,8.14,0,0.538,5.95,82.0,3.99,4,307.0,21.0,232.6,27.71,13.2,-1.1220000000000176,1.2588840000000396,0.10239999999999563
1.15172,0.0,8.14,0,0.538,5.701,95.0,3.7872,4,307.0,21.0,358.77,18.35,13.1,-0.6659999999999968,0.4435559999999958,1.810370250000037
1.61282,0.0,8.14,0,0.538,6.096,96.9,3.7598,4,307.0,21.0,248.31,20.34,13.5,-0.3309999999999995,0.10956099999999969,0.8835999999999924
0.06417,0.0,5.96,0,0.499,5.933,68.2,3.3603,5,279.0,19.2,396.9,9.68,18.9,-0.8460000000000285,0.7157160000000482,0.4991422500000178
0.09744,0.0,5.96,0,0.499,5.841,61.4,3.3779,5,279.0,19.2,377.56,11.41,20.0,-0.544000000000004,0.2959360000000044,1.043462249999992
0.08014,0.0,5.96,0,0.499,5.85,41.5,3.9342,5,279.0,19.2,396.9,8.77,21.0,-0.02999999999999403,0.0008999999999996419,0.10432900000000025
0.17505,0.0,5.96,0,0.499,5.966,30.2,3.8473,5,279.0,19.2,393.43,10.13,24.7,1.2210000000000036,1.490841000000009,0.49984900000000104
0.02763,75.0,2.95,0,0.428,6.595,21.8,5.4011,3,252.0,18.3,395.63,4.32,30.8,0.8949999999999854,0.8010249999999738,0.8019202500000226
0.03359,75.0,2.95,0,0.428,7.024,15.8,5.4011,3,252.0,18.3,395.62,1.98,34.9,0.6999999999999602,0.4899999999999443,0.5692702499999467
0.12744,0.0,6.91,0,0.448,6.77,2.9,5.7209,3,233.0,17.9,385.41,4.84,26.6,-1.7999999999999616,3.2399999999998617,0.5557702499999998
0.1415,0.0,6.91,0,0.448,6.169,6.6,5.7209,3,233.0,17.9,383.37,5.81,25.3,0.33999999999999275,0.11559999999999507,0.1069290000000267
0.15936,0.0,6.91,0,0.448,6.211,6.5,5.7209,3,233.0,17.9,394.46,7.44,24.7,0.040999999999993264,0.0016809999999994477,0.37699600000001837
0.12269,0.0,6.91,0,0.448,6.069,40.0,5.7209,3,233.0,17.9,389.39,9.55,21.2,-0.16600000000001813,0.02755600000000602,0.0015210000000006696
0.17142,0.0,6.91,0,0.448,5.682,33.8,5.1004,3,233.0,17.9,396.9,10.21,19.3,-0.3489999999999789,0.12180099999998525,0.24800399999999048
0.18836,0.0,6.91,0,0.448,5.786,33.3,5.1004,3,233.0,17.9,396.9,14.15,20.0,0.05500000000000327,0.0030250000000003594,1.5018502499999484
0.22927,0.0,6.91,0,0.448,6.03,85.5,5.6894,3,233.0,17.9,392.74,18.8,16.6,-1.6139999999999866,2.604995999999957,0.11526024999997898
0.25387,0.0,6.91,0,0.448,5.399,95.3,5.87,3,233.0,17.9,396.9,30.81,14.4,-1.638000000000007,2.683044000000023,1.4859609999999552
0.21977,0.0,6.91,0,0.448,5.602,62.0,6.0877,3,233.0,17.9,396.9,16.2,19.4,0.03199999999997516,0.0010239999999984103,0.05712100000001225
0.08873,21.0,5.64,0,0.439,5.963,45.7,6.8147,4,243.0,16.8,395.56,13.45,19.7,-0.4440000000000204,0.1971360000000181,0.21483224999999323
0.04337,21.0,5.64,0,0.439,6.115,63.0,6.8147,4,243.0,16.8,393.97,9.43,20.5,-0.7399999999999949,0.5475999999999924,0.009604000000003282
0.0536,21.0,5.64,0,0.439,6.511,21.1,6.8147,4,243.0,16.8,396.9,5.28,25.0,-0.3519999999999932,0.12390399999999521,0.7276090000000329
0.04981,21.0,5.64,0,0.439,5.998,21.4,6.8147,4,243.0,16.8,396.9,8.43,23.4,0.9359999999999715,0.8760959999999467,0.7568999999999956
0.0136,75.0,4.0,0,0.41,5.888,47.6,7.3197,3,469.0,21.1,396.9,14.8,18.9,0.04399999999997917,0.0019359999999981666,1.615441000000011
0.01311,90.0,1.22,0,0.403,7.249,21.9,8.6966,5,226.0,17.9,395.93,4.81,35.4,0.5289999999999608,0.27984099999995854,0.09985600000001506
0.02055,85.0,0.74,0,0.41,6.383,35.7,9.1876,2,313.0,17.3,396.9,5.77,24.7,0.6229999999999976,0.38812899999999695,0.39627025000000915
0.01432,100.0,1.32,0,0.411,6.816,40.5,8.3248,5,256.0,15.1,392.9,3.95,31.6,0.2130000000000436,0.045369000000018575,0.012656250000002558
0.15445,25.0,5.13,0,0.453,6.145,29.2,7.8148,8,284.0,19.7,390.68,6.86,23.3,0.010000000000008669,0.00010000000000017337,0.06996025000000092
0.10328,25.0,5.13,0,0.453,5.927,47.2,6.932,8,284.0,19.7,396.9,9.22,19.6,-0.3459999999999859,0.11971599999999022,0.0989102499999993
0.14932,25.0,5.13,0,0.453,5.741,66.2,7.2254,8,284.0,19.7,395.11,13.15,18.7,-0.13700000000001822,0.018769000000004993,1.1707239999999786
0.17171,25.0,5.13,0,0.453,5.966,93.4,6.8185,8,284.0,19.7,378.08,14.44,16.0,-1.171000000000003,1.3712410000000068,2.6390002500000267
0.11027,25.0,5.13,0,0.453,6.456,67.8,7.2255,8,284.0,19.7,396.9,6.73,22.2,-0.6790000000000056,0.4610410000000076,1.353732250000031
0.1265,25.0,5.13,0,0.453,6.762,43.4,7.9809,8,284.0,19.7,395.58,9.5,25.0,-0.4969999999999928,0.24700899999999282,1.0070122499999623
0.01951,17.5,1.38,0,0.4161,7.104,59.5,9.2229,3,216.0,18.6,393.24,8.05,33.0,-0.10800000000000409,0.011664000000000884,1.8238502500001255
0.03584,80.0,3.37,0,0.398,6.29,17.8,6.6115,4,337.0,16.1,396.9,4.67,23.5,-0.5680000000000014,0.3226240000000016,0.06175224999999644
0.04379,80.0,3.37,0,0.398,5.787,31.1,6.6115,4,337.0,16.1,396.9,10.24,19.4,-0.2840000000000238,0.08065600000001351,0.8779690000000022
0.05789,12.5,6.07,0,0.409,5.878,21.4,6.498,4,345.0,18.9,396.21,8.1,22.0,0.6619999999999919,0.4382439999999893,2.4195802500000285
0.13554,12.5,6.07,0,0.409,5.594,36.8,6.498,4,345.0,18.9,396.9,13.09,17.4,-0.8410000000000188,0.7072810000000317,0.5234522499999557
0.12816,12.5,6.07,0,0.409,5.885,33.0,6.498,4,345.0,18.9,396.9,8.79,20.9,0.11199999999998411,0.012543999999996442,0.3510562499999929
0.08826,0.0,10.81,0,0.413,6.417,6.6,5.2873,4,305.0,19.2,383.73,6.72,24.2,0.0799999999999983,0.006399999999999727,0.2342559999999914
0.15876,0.0,10.81,0,0.413,5.961,17.5,5.2873,4,305.0,19.2,376.94,9.88,21.7,0.21999999999998465,0.04839999999999325,0.14175224999999736
0.09164,0.0,10.81,0,0.413,6.065,7.8,5.2873,4,305.0,19.2,390.91,5.52,22.8,-0.01999999999999602,0.00039999999999984086,0.9331559999999814
0.19539,0.0,10.81,0,0.413,6.245,6.2,5.2873,4,305.0,19.2,377.17,7.54,23.4,-0.16600000000003234,0.02755600000001074,0.008464000000003039
0.07896,0.0,12.83,0,0.437,6.273,6.0,4.2515,5,398.0,18.7,394.92,6.78,24.1,-0.03899999999997661,0.0015209999999981755,0.3624039999999961
0.09512,0.0,12.83,0,0.437,6.286,45.0,4.5026,5,398.0,18.7,383.23,8.94,21.4,-0.6920000000000215,0.4788640000000297,1.0100250000000124
0.10153,0.0,12.83,0,0.437,6.279,74.5,4.0522,5,398.0,18.7,373.66,11.97,20.0,-0.32700000000000884,0.10692900000000578,0.05569599999999863
0.08707,0.0,12.83,0,0.437,6.14,45.8,4.0905,5,398.0,18.7,386.96,10.27,20.8,-0.22599999999997422,0.051075999999988346,0.03591025000000631
0.05646,0.0,12.83,0,0.437,6.232,53.7,5.0141,5,398.0,18.7,386.4,12.34,21.2,0.1889999999999823,0.03572099999999331,0.14707224999997937
0.08387,0.0,12.83,0,0.437,5.874,36.6,4.5026,5,398.0,18.7,396.06,9.1,20.3,-0.3199999999999825,0.10239999999998882,0.1343222500000015
0.04113,25.0,4.86,0,0.426,6.727,33.5,5.4007,4,281.0,19.0,396.9,5.29,28.0,0.4209999999999958,0.17724099999999648,0.09211224999999763
0.04462,25.0,4.86,0,0.426,6.619,70.4,5.4007,4,281.0,19.0,395.63,7.22,23.9,-0.9490000000000265,0.9006010000000503,0.3819240000000202
0.03659,25.0,4.86,0,0.426,6.302,32.2,5.4007,4,281.0,19.0,396.9,6.72,24.8,0.4180000000000099,0.1747240000000083,0.2545202500000181
0.03551,25.0,4.86,0,0.426,6.167,46.7,5.4007,4,281.0,19.0,390.64,7.51,22.9,-0.11600000000002808,0.013456000000006515,0.007832250000000594
0.05059,0.0,4.49,0,0.449,6.389,48.0,4.7794,3,247.0,18.5,396.9,9.62,23.9,0.8699999999999761,0.7568999999999585,0.3825422499999704
0.05735,0.0,4.49,0,0.449,6.63,56.1,4.4377,3,247.0,18.5,392.3,6.53,26.6,-0.4759999999999742,0.22657599999997546,3.4151039999999964
0.05188,0.0,4.49,0,0.449,6.015,45.1,4.4272,3,247.0,18.5,395.99,12.86,22.5,0.8539999999999992,0.7293159999999986,1.8837562499999476
0.07151,0.0,4.49,0,0.449,6.121,56.8,3.7476,3,247.0,18.5,395.15,8.44,22.2,-0.13600000000000279,0.01849600000000076,0.5730490000000237
0.0566,0.0,3.41,0,0.489,7.007,86.3,3.4217,2,270.0,17.8,396.9,5.5,23.6,-2.3839999999999684,5.6834559999998495,15.413475999999736
0.05302,0.0,3.41,0,0.489,7.079,63.1,3.4145,2,270.0,17.8,396.06,5.7,28.7,-1.2369999999999663,1.5301689999999168,0.1501562499999967
0.04684,0.0,3.41,0,0.489,6.417,66.1,3.0923,2,270.0,17.8,392.18,8.81,22.6,0.08800000000002939,0.007744000000005172,0.3096922499999839
0.03932,0.0,3.41,0,0.489,6.405,73.9,3.0921,2,270.0,17.8,393.55,8.2,22.0,-0.19699999999998852,0.03880899999999548,0.007225000000000749
0.04203,28.0,15.04,0,0.464,6.442,53.6,3.6659,4,270.0,18.2,395.01,8.16,22.9,-0.01000000000003709,0.0001000000000007418,0.39250225000000455
0.02875,28.0,15.04,0,0.464,6.211,28.9,3.6659,4,270.0,18.2,396.33,6.21,25.0,0.04800000000000182,0.002304000000000175,1.4304160000000377
0.04294,28.0,15.04,0,0.464,6.249,77.3,3.615,4,270.0,18.2,396.9,10.59,20.6,-0.45099999999997564,0.20340099999997802,0.059292249999995265
0.12204,0.0,2.89,0,0.445,6.625,57.8,3.4952,2,276.0,18.0,357.98,6.65,28.4,0.2559999999999647,0.06553599999998193,0.614655999999976
0.11504,0.0,2.89,0,0.445,6.163,69.6,3.4952,2,276.0,18.0,391.83,11.34,21.4,-0.31200000000003314,0.09734400000002068,1.1098622500000441
0.12083,0.0,2.89,0,0.445,8.069,76.0,3.4952,2,276.0,18.0,396.9,4.21,38.7,-2.6439999999999557,6.990735999999766,2.747306250000067
0.08187,0.0,2.89,0,0.445,7.82,36.9,3.4952,2,276.0,18.0,393.53,3.57,43.8,0.4649999999999608,0.21622499999996353,0.37149024999998775
0.0686,0.0,2.89,0,0.445,7.416,62.5,3.4952,2,276.0,18.0,396.9,6.19,33.2,0.07900000000002905,0.006241000000004589,1.8184522499999654
0.14866,0.0,8.56,0,0.52,6.727,79.9,2.7778,5,384.0,20.9,394.76,9.42,27.5,0.6650000000000063,0.4422250000000083,0.3158440000000093
0.11432,0.0,8.56,0,0.52,6.781,71.3,2.8561,5,384.0,20.9,395.58,7.67,26.5,0.12699999999999534,0.016128999999998814,1.1739722499999863
0.22876,0.0,8.56,0,0.52,6.405,85.4,2.7147,5,384.0,20.9,70.8,10.63,18.6,0.011000000000031207,0.00012100000000068656,9.865880999999966
0.21161,0.0,8.56,0,0.52,6.137,87.4,2.7147,5,384.0,20.9,394.47,13.44,19.3,-0.15599999999997394,0.024335999999991868,0.052440999999993125
0.1396,0.0,8.56,0,0.52,6.167,90.0,2.421,5,384.0,20.9,392.69,12.33,20.1,-0.027999999999973824,0.0007839999999985341,0.11155599999998314
0.13262,0.0,8.56,0,0.52,5.851,96.7,2.1069,5,384.0,20.9,394.05,16.47,19.5,0.08200000000000429,0.006724000000000704,0.9292959999999906
0.1712,0.0,8.56,0,0.52,5.836,91.9,2.211,5,384.0,20.9,395.67,18.66,19.5,0.2150000000000034,0.046225000000001466,0.20250000000001533
0.13117,0.0,8.56,0,0.52,6.127,85.2,2.1224,5,384.0,20.9,387.69,14.09,20.4,0.24399999999997846,0.059535999999989486,0.09211224999999548
0.12802,0.0,8.56,0,0.52,6.474,97.1,2.4329,5,384.0,20.9,395.24,12.27,19.8,-0.06299999999997752,0.0039689999999971675,0.43890624999995953
0.26363,0.0,8.56,0,0.52,6.229,91.2,2.5451,5,384.0,20.9,391.23,15.55,19.4,-0.6060000000000194,0.36723600000002354,6.004950250000043
0.10793,0.0,8.56,0,0.52,6.195,54.4,2.7778,5,384.0,20.9,393.49,13.0,21.7,0.43899999999998585,0.19272099999998757,0.015252249999997353
0.10084,0.0,10.01,0,0.547,6.715,81.6,2.6775,6,432.0,17.8,395.59,10.16,22.8,-0.475000000000005,0.22562500000000474,0.6650402500000118
0.12329,0.0,10.01,0,0.547,5.913,92.9,2.3534,6,432.0,17.8,394.95,16.21,18.8,-0.16199999999998482,0.026243999999995084,0.7055999999999878
0.22212,0.0,10.01,0,0.547,6.092,95.4,2.548,6,432.0,17.8,396.9,17.09,18.7,0.09999999999998366,0.009999999999996732,0.4942089999999742
0.14231,0.0,10.01,0,0.547,6.254,84.2,2.2565,6,432.0,17.8,388.74,10.45,18.5,-1.2100000000000009,1.464100000000002,0.060270250000010385
0.17134,0.0,10.01,0,0.547,5.928,88.2,2.4631,6,432.0,17.8,344.91,15.76,18.3,-0.16199999999997772,0.02624399999999278,0.20205025000002277
0.13158,0.0,10.01,0,0.547,6.176,72.5,2.7301,6,432.0,17.8,393.3,12.04,21.2,0.265999999999984,0.0707559999999915,1.459263999999962
0.15098,0.0,10.01,0,0.547,6.021,82.6,2.7474,6,432.0,17.8,394.51,10.3,19.2,-0.4910000000000174,0.24108100000001711,0.3582022500000314
0.13058,0.0,10.01,0,0.547,5.872,73.1,2.4775,6,432.0,17.8,338.63,15.37,20.4,0.43699999999997985,0.19096899999998238,0.24157225000000201
0.14476,0.0,10.01,0,0.547,5.731,65.2,2.7592,6,432.0,17.8,391.5,13.61,19.3,-0.2859999999999694,0.0817959999999825,0.053130249999994744
0.06899,0.0,25.65,0,0.581,5.87,69.7,2.2577,2,188.0,19.1,389.15,14.37,22.0,-0.23600000000000065,0.05569600000000031,4.382742249999936
0.07165,0.0,25.65,0,0.581,6.004,84.1,2.1974,2,188.0,19.1,377.67,14.27,20.3,-0.693999999999992,0.48163599999998885,4.268355999999995
0.09299,0.0,25.65,0,0.581,5.961,92.9,2.0869,2,188.0,19.1,378.09,17.93,20.5,0.7170000000000059,0.5140890000000083,0.030800250000001087
0.15038,0.0,25.65,0,0.581,5.856,97.0,1.9444,2,188.0,19.1,370.31,25.41,17.3,0.18000000000001748,0.03240000000000629,0.03648100000000367
0.09849,0.0,25.65,0,0.581,5.879,95.8,2.0063,2,188.0,19.1,379.38,17.58,18.8,-0.3999999999999808,0.15999999999998465,7.357656250000011
0.16902,0.0,25.65,0,0.581,5.986,88.4,1.9929,2,188.0,19.1,385.02,14.81,21.4,0.6959999999999802,0.4844159999999724,1.2950440000000039
0.38735,0.0,25.65,0,0.581,5.613,95.6,1.7572,2,188.0,19.1,359.29,27.26,15.7,-0.3310000000000173,0.10956100000001144,0.8760959999999965
0.25915,0.0,21.89,0,0.624,5.693,96.0,1.7883,4,437.0,21.2,392.11,17.19,16.2,-0.09700000000001552,0.00940900000000301,0.04473225000000865
0.32543,0.0,21.89,0,0.624,6.431,98.8,1.8125,4,437.0,21.2,396.9,15.39,18.0,0.1620000000000026,0.02624400000000084,0.037830250000003326
0.88125,0.0,21.89,0,0.624,5.637,94.7,1.9799,4,437.0,21.2,396.9,18.34,14.3,-0.72199999999998,0.5212839999999711,0.09891025000000936
0.34006,0.0,21.89,0,0.624,6.458,98.9,2.1185,4,437.0,21.2,395.04,12.6,19.2,-0.2770000000000117,0.07672900000000647,0.021024999999996786
1.19294,0.0,21.89,0,0.624,6.326,97.7,2.271,4,437.0,21.2,396.9,12.26,19.6,-0.22099999999998943,0.048840999999995326,0.007310249999999339
0.59005,0.0,21.89,0,0.624,6.372,97.9,2.3274,4,437.0,21.2,385.76,11.12,23.0,0.7989999999999995,0.6384009999999992,0.043890250000005314
0.32982,0.0,21.89,0,0.624,5.822,95.4,2.4699,4,437.0,21.2,388.69,15.03,18.4,0.3749999999999787,0.140624999999984,0.033856000000000386
0.97617,0.0,21.89,0,0.624,5.757,98.4,2.346,4,437.0,21.2,262.76,17.31,15.6,0.015000000000018332,0.00022500000000054996,0.06076224999999701
0.55778,0.0,21.89,0,0.624,6.335,98.2,2.1107,4,437.0,21.2,394.67,16.96,18.1,0.2300000000000182,0.052900000000008364,3.059001000000058
0.32264,0.0,21.89,0,0.624,5.942,93.5,1.9669,4,437.0,21.2,378.25,16.9,17.4,0.33299999999998064,0.11088899999998711,0.6185822500000114
0.35233,0.0,21.89,0,0.624,6.454,98.4,1.8498,4,437.0,21.2,394.08,14.59,17.1,-0.34299999999998576,0.11764899999999023,0.048399999999996376
0.2498,0.0,21.89,0,0.624,5.857,98.2,1.6686,4,437.0,21.2,392.04,21.32,13.3,-0.4849999999999781,0.23522499999997878,0.2840889999999994
0.54452,0.0,21.89,0,0.624,6.151,97.9,1.6687,4,437.0,21.2,396.9,18.46,17.8,1.126000000000026,1.2678760000000588,0.31979025000000816
0.2909,0.0,21.89,0,0.624,6.174,93.6,1.6119,4,437.0,21.2,388.08,24.16,14.0,-0.4199999999999928,0.17639999999999398,0.07128900000000066
1.62864,0.0,21.89,0,0.624,5.019,100.0,1.4394,4,437.0,21.2,396.9,34.41,14.4,0.3219999999999992,0.10368399999999947,3.296040249999994
3.32105,0.0,19.58,1,0.871,5.403,100.0,1.3216,5,403.0,14.7,396.9,26.82,13.4,-0.3490000000000091,0.12180100000000633,0.5913609999999947
4.0974,0.0,19.58,0,0.871,5.468,100.0,1.4118,5,403.0,14.7,396.9,26.42,15.6,0.6570000000000054,0.43164900000000705,0.21622499999997674
2.77974,0.0,19.58,0,0.871,4.903,97.8,1.3459,5,403.0,14.7,396.9,29.29,11.8,-1.180999999999985,1.3947609999999644,0.02371600000000052
2.37934,0.0,19.58,0,0.871,6.13,100.0,1.4191,5,403.0,14.7,172.91,27.8,13.8,-0.2669999999999799,0.07128899999998928,0.5475999999999819
2.15505,0.0,19.58,0,0.871,5.628,100.0,1.5166,5,403.0,14.7,169.27,16.65,15.6,-0.3049999999999873,0.09302499999999224,0.14938225000000538
2.36862,0.0,19.58,0,0.871,4.926,95.7,1.4608,5,403.0,14.7,391.71,29.53,14.6,0.14100000000000712,0.019881000000002008,0.005040999999994664
2.33099,0.0,19.58,0,0.871,5.186,93.8,1.5296,5,403.0,14.7,356.99,28.32,17.8,1.5270000000000188,2.3317290000000575,0.5358240000000094
2.73397,0.0,19.58,0,0.871,5.597,94.9,1.5257,5,403.0,14.7,351.85,21.45,15.4,0.12999999999999545,0.01689999999999882,0.2606102500000022
1.6566,0.0,19.58,0,0.871,6.122,97.3,1.618,5,403.0,14.7,372.8,14.1,21.5,0.5910000000000046,0.34928100000000545,0.360000000000023
1.49632,0.0,19.58,0,0.871,5.404,100.0,1.5916,5,403.0,14.7,341.6,13.28,19.6,0.2300000000000253,0.05290000000001164,4.961756250000075
1.12658,0.0,19.58,1,0.871,5.012,88.0,1.6102,5,403.0,14.7,343.28,12.12,15.3,-2.3239999999999768,5.400975999999892,0.5617502499999805
2.14918,0.0,19.58,0,0.871,5.709,98.5,1.6232,5,403.0,14.7,261.95,15.79,19.4,1.4309999999999867,2.047760999999962,1.0100249999999622
1.41385,0.0,19.58,1,0.871,6.129,96.0,1.7494,5,403.0,14.7,321.02,15.12,17.0,-0.33499999999999375,0.11222499999999581,0.39564100000001506
3.53501,0.0,19.58,1,0.871,6.152,82.6,1.7455,5,403.0,14.7,88.01,15.02,15.6,-0.6939999999999866,0.4816359999999814,0.04452099999999488
2.44668,0.0,19.58,0,0.871,5.272,94.0,1.7364,5,403.0,14.7,88.63,16.14,13.1,-1.1279999999999912,1.2723839999999802,0.6496359999999872
1.22358,0.0,19.58,0,0.605,6.943,97.4,1.8773,5,403.0,14.7,363.43,4.59,41.3,2.803999999999945,7.862415999999692,33.42574224999985
1.34284,0.0,19.58,0,0.605,6.066,100.0,1.7573,5,403.0,14.7,353.89,6.43,24.3,-0.3309999999999924,0.10956099999999498,3.173742249999928
1.42502,0.0,19.58,0,0.871,6.51,100.0,1.7659,5,403.0,14.7,364.31,7.39,23.3,-1.631999999999998,2.6634239999999934,0.09734400000000738
1.27346,0.0,19.58,1,0.605,6.25,92.6,1.7984,5,403.0,14.7,338.92,5.5,27.0,0.6960000000000051,0.48441600000000706,0.9545289999999729
1.46336,0.0,19.58,0,0.605,7.489,90.8,1.9709,5,403.0,14.7,374.43,1.73,50.0,2.003999999999998,4.016015999999991,15.299832249999918
1.83377,0.0,19.58,1,0.605,7.802,98.2,2.0407,5,403.0,14.7,389.61,1.92,50.0,1.0519999999999996,1.1067039999999992,3.097600000000043
1.51902,0.0,19.58,1,0.605,8.375,93.9,2.162,5,403.0,14.7,388.45,3.32,50.0,0.554000000000002,0.30691600000000224,1.8782702500000386
2.24236,0.0,19.58,0,0.605,5.854,91.8,2.422,5,403.0,14.7,395.11,11.64,22.7,0.7519999999999918,0.5655039999999877,0.012882249999996407
2.924,0.0,19.58,0,0.605,6.101,93.0,2.2834,5,403.0,14.7,240.16,9.81,25.0,0.6489999999999974,0.42120099999999655,3.2905959999998844
2.01019,0.0,19.58,0,0.605,7.929,96.2,2.0459,5,403.0,14.7,369.3,3.7,50.0,0.42099999999999227,0.1772409999999935,6.247500249999953
1.80028,0.0,19.58,0,0.605,5.877,79.2,2.4259,5,403.0,14.7,227.61,12.14,23.8,1.26100000000001,1.590121000000025,0.10989225000000126
2.3004,0.0,19.58,0,0.605,6.319,96.1,2.1,5,403.0,14.7,297.09,11.1,23.8,0.7390000000000114,0.5461210000000168,0.07425624999999272
2.44953,0.0,19.58,0,0.605,6.402,95.2,2.2625,5,403.0,14.7,330.04,11.32,22.3,0.061000000000014154,0.003721000000001727,0.10208024999999639
1.20742,0.0,19.58,0,0.605,5.875,94.6,2.4259,5,403.0,14.7,292.29,14.43,17.4,-0.9040000000000212,0.8172160000000384,0.12531599999999943
2.3139,0.0,19.58,0,0.605,5.88,97.3,2.3887,5,403.0,14.7,348.13,12.03,19.1,-1.2039999999999687,1.4496159999999245,1.9043999999999874
0.13914,0.0,4.05,0,0.51,5.572,88.5,2.5961,5,296.0,16.6,396.9,14.69,23.1,1.8010000000000232,3.243601000000084,0.019044000000007326
0.09178,0.0,4.05,0,0.51,6.416,84.1,2.6463,5,296.0,16.6,395.5,9.04,23.6,0.3110000000000319,0.09672100000001985,0.09272024999999189
0.08447,0.0,4.05,0,0.51,5.859,68.7,2.7019,5,296.0,16.6,393.23,9.64,22.6,0.6010000000000275,0.3612010000000331,0.21996099999999447
0.06664,0.0,4.05,0,0.51,6.546,33.1,3.1323,5,296.0,16.6,390.96,5.33,29.4,1.3249999999999815,1.7556249999999511,0.10432900000001173
0.07022,0.0,4.05,0,0.51,6.02,47.2,3.5549,5,296.0,16.6,393.23,10.11,23.2,0.2219999999999942,0.04928399999999743,0.9110702500000397
0.05425,0.0,4.05,0,0.51,6.315,73.4,3.3175,5,296.0,16.6,395.6,6.29,24.6,0.3790000000000404,0.14364100000003063,9.025000000005184e-05
0.06642,0.0,4.05,0,0.51,6.86,74.4,2.9153,5,296.0,16.6,391.27,6.92,29.9,0.9379999999999669,0.8798439999999378,0.6360062499999878
0.0578,0.0,2.46,0,0.488,6.98,58.4,2.829,3,193.0,17.8,396.9,5.04,37.2,2.424000000000035,5.87577600000017,0.005183999999992208
0.06588,0.0,2.46,0,0.488,7.765,83.3,2.741,3,193.0,17.8,395.56,7.56,39.8,-0.25700000000004763,0.06604900000002449,7.57075225
0.06888,0.0,2.46,0,0.488,6.144,62.2,2.5979,3,193.0,17.8,396.9,9.45,36.2,4.998000000000026,24.98000400000026,1.215506249999998
0.09103,0.0,2.46,0,0.488,7.155,92.2,2.7006,3,193.0,17.8,394.12,4.82,37.9,0.8319999999999652,0.6922239999999421,2.39011600000013
0.10008,0.0,2.46,0,0.488,6.563,95.6,2.847,3,193.0,17.8,396.9,5.68,32.5,0.8520000000000039,0.7259040000000065,11.961222250000079
0.08308,0.0,2.46,0,0.488,5.604,89.8,2.9879,3,193.0,17.8,391.0,13.98,26.4,1.5289999999999857,2.337840999999956,2.3793062500000124
0.06047,0.0,2.46,0,0.488,6.153,68.8,3.2797,3,193.0,17.8,387.11,13.15,29.6,2.3450000000000344,5.499025000000161,8.967030250000077
0.05602,0.0,2.46,0,0.488,7.831,53.6,3.1992,3,193.0,17.8,392.63,4.45,50.0,3.4469999999999885,11.88180899999992,42.50388025000019
0.07875,45.0,3.44,0,0.437,6.782,41.1,3.7886,5,398.0,15.2,393.87,6.68,32.0,1.3000000000000007,1.690000000000002,8.42450625000002
0.12579,45.0,3.44,0,0.437,6.556,29.1,4.5667,5,398.0,15.2,382.84,4.56,29.8,0.41799999999998505,0.1747239999999875,0.06708100000000938
0.0837,45.0,3.44,0,0.437,7.185,38.9,4.5667,5,398.0,15.2,396.9,5.39,34.9,0.15699999999997516,0.0246489999999922,3.9640810000001117
0.09068,45.0,3.44,0,0.437,6.951,21.5,6.4798,5,398.0,15.2,377.68,5.1,37.0,2.0260000000000034,4.104676000000014,18.887716000000093
0.06911,45.0,3.44,0,0.437,6.739,30.8,6.4798,5,398.0,15.2,389.71,4.69,30.5,0.6490000000000045,0.42120100000000577,0.31192224999997864
0.08664,45.0,3.44,0,0.437,7.178,26.3,6.4798,5,398.0,15.2,390.49,2.87,36.4,0.42999999999995,0.184899999999957,1.4945062499999744
0.02187,60.0,2.93,0,0.401,6.8,9.9,6.2196,1,265.0,15.6,393.37,5.03,31.1,0.7720000000000411,0.5959840000000635,0.07896099999999534
0.01439,60.0,2.93,0,0.401,6.604,18.8,6.2196,1,265.0,15.6,376.7,4.38,29.1,0.06300000000003791,0.003969000000004777,0.009603999999993533
0.01381,80.0,0.46,0,0.422,7.875,32.0,5.6484,4,255.0,14.4,394.23,2.97,50.0,0.779999999999994,0.6083999999999907,24.73570224999973
0.04011,80.0,1.52,0,0.404,7.287,34.1,7.309,2,329.0,12.6,396.9,4.08,33.3,-0.41600000000004655,0.17305600000003873,0.059292249999967586
0.04666,80.0,1.52,0,0.404,7.107,36.6,7.309,2,329.0,12.6,354.31,8.61,30.3,-1.0540000000000056,1.1109160000000118,0.15015625000001873
0.03768,80.0,1.52,0,0.404,7.274,38.3,7.309,2,329.0,12.6,392.2,6.62,34.6,0.49600000000003064,0.2460160000000304,0.1922822499999294
0.0315,95.0,1.47,0,0.403,6.975,15.3,7.6534,3,402.0,17.0,396.9,4.56,34.9,0.8579999999999544,0.7361639999999217,0.00024025000000141324
0.01778,95.0,1.47,0,0.403,7.135,13.9,7.6534,3,402.0,17.0,384.3,4.45,32.9,-0.4150000000000489,0.17222500000004057,0.14025024999998226
0.03445,82.5,2.03,0,0.415,6.162,38.4,6.27,2,348.0,14.7,393.77,7.43,24.1,0.3860000000000241,0.1489960000000186,0.07590024999999466
0.02177,82.5,2.03,0,0.415,7.61,15.7,6.27,2,348.0,14.7,395.38,3.11,42.3,-1.786000000000044,3.189796000000157,0.009800999999995116
0.0351,95.0,2.68,0,0.4161,7.853,33.2,5.118,4,224.0,14.7,392.78,3.81,48.5,-0.08800000000000097,0.00774400000000017,17.640000000000203
0.02009,95.0,2.68,0,0.4161,8.034,31.9,5.118,4,224.0,14.7,390.55,2.88,50.0,0.4259999999999948,0.18147599999999559,23.353056250000098
0.13642,0.0,10.59,0,0.489,5.891,22.3,3.9454,4,277.0,18.6,396.9,10.87,22.6,0.3220000000000276,0.10368400000001778,0.25250625000000126
0.22969,0.0,10.59,0,0.489,6.326,52.5,4.3549,4,277.0,18.6,394.87,10.97,24.4,0.6029999999999731,0.3636089999999676,1.4969522500000034
0.25199,0.0,10.59,0,0.489,5.783,72.7,4.3549,4,277.0,18.6,389.43,18.06,22.5,1.0319999999999965,1.0650239999999926,4.995225000000045
0.13587,0.0,10.59,1,0.489,6.064,59.1,4.2392,4,277.0,18.6,381.32,14.66,24.4,1.4449999999999683,2.0880249999999085,2.5680062500000203
0.43571,0.0,10.59,1,0.489,5.344,100.0,3.875,4,277.0,18.6,396.9,23.09,20.0,0.9559999999999995,0.9139359999999991,0.007310250000000554
0.17446,0.0,10.59,1,0.489,5.96,92.1,3.8771,4,277.0,18.6,393.25,17.27,21.7,0.5709999999999802,0.3260409999999774,1.1761402499999658
0.37578,0.0,10.59,1,0.489,5.404,88.6,3.665,4,277.0,18.6,395.24,23.98,19.3,-0.14099999999998758,0.0198809999999965,7.80364224999999
0.21719,0.0,10.59,1,0.489,5.807,53.8,3.6526,4,277.0,18.6,390.94,16.03,22.4,0.32099999999996953,0.10304099999998044,3.79470399999996
0.14052,0.0,10.59,0,0.489,6.375,32.3,3.9454,4,277.0,18.6,385.81,9.38,28.1,1.9580000000000197,3.833764000000077,0.3019502500000138
0.28955,0.0,10.59,0,0.489,5.412,9.8,3.5875,4,277.0,18.6,348.93,29.55,23.7,2.3939999999999912,5.731235999999958,3.0695040000000335
0.19802,0.0,10.59,0,0.489,6.182,42.4,3.9454,4,277.0,18.6,393.63,9.47,25.0,0.4450000000000003,0.19802500000000026,2.0534890000000607
0.0456,0.0,13.89,1,0.55,5.888,56.0,3.1121,5,276.0,16.4,392.8,13.51,23.3,0.7070000000000043,0.4998490000000061,1.4762250000000257
0.07013,0.0,13.89,0,0.55,6.642,85.1,3.4211,5,276.0,16.4,392.78,9.69,28.7,1.882000000000012,3.5419240000000456,0.48650624999999226
0.11069,0.0,13.89,1,0.55,5.951,93.8,2.8893,5,276.0,16.4,396.9,17.92,21.5,0.4360000000000035,0.19009600000000304,2.5904902499999904
0.11425,0.0,13.89,1,0.55,6.373,92.4,3.3633,5,276.0,16.4,393.74,10.5,23.0,0.13500000000000512,0.018225000000001382,1.322500000000013
0.35809,0.0,6.2,1,0.507,6.951,88.5,2.8617,8,307.0,17.4,391.7,9.71,26.7,-0.12499999999998579,0.015624999999996447,2.540836000000015
0.40771,0.0,6.2,1,0.507,6.164,91.3,3.048,8,307.0,17.4,395.24,21.46,21.7,1.2699999999999854,1.612899999999963,2.6634240000000395
0.62356,0.0,6.2,1,0.507,6.879,77.7,3.2721,8,307.0,17.4,390.39,9.93,27.5,0.892000000000003,0.7956640000000054,3.0870489999999426
0.6147,0.0,6.2,0,0.507,6.618,80.8,3.2721,8,307.0,17.4,396.9,7.6,30.1,1.3610000000000326,1.852321000000089,1.91130625000005
0.31533,0.0,6.2,0,0.504,8.266,78.3,2.8944,8,307.0,17.4,385.05,4.14,44.8,-0.33000000000006935,0.10890000000004577,0.2148322500000097
0.52693,0.0,6.2,0,0.504,8.725,83.0,2.8944,8,307.0,17.4,382.0,4.63,50.0,3.012999999999991,9.078168999999946,8.946080999999955
0.38214,0.0,6.2,0,0.504,8.04,86.5,3.2157,8,307.0,17.4,387.38,3.13,37.6,-3.77499999999997,14.250624999999774,29.528355999999665
0.41238,0.0,6.2,0,0.504,7.163,79.9,3.2157,8,307.0,17.4,372.08,6.36,31.6,-0.13199999999996592,0.017423999999991002,1.2320999999999198
0.29819,0.0,6.2,0,0.504,7.686,17.0,3.3751,8,307.0,17.4,377.51,3.92,46.7,1.1580000000000226,1.3409640000000522,0.02907025000000624
0.44178,0.0,6.2,0,0.504,6.552,21.4,3.3751,8,307.0,17.4,380.34,3.76,31.5,0.9510000000000041,0.9044010000000078,0.9850562499999571
0.537,0.0,6.2,0,0.504,5.981,68.1,3.6715,8,307.0,17.4,378.35,11.65,24.3,0.8319999999999972,0.6922239999999953,1.2882250000000035
0.46296,0.0,6.2,0,0.504,7.412,76.9,3.6715,8,307.0,17.4,376.14,5.25,31.7,-0.8349999999999618,0.6972249999999361,1.6179840000000594
0.57529,0.0,6.2,0,0.507,8.337,73.3,3.8384,8,307.0,17.4,385.91,2.47,41.7,-1.8159999999999528,3.2978559999998285,9.311652249999897
0.33147,0.0,6.2,0,0.507,8.247,70.4,3.6519,8,307.0,17.4,378.95,3.95,48.3,1.0699999999999363,1.1448999999998637,1.8171040000000547
0.44791,0.0,6.2,1,0.507,6.726,66.5,3.6519,8,307.0,17.4,360.2,8.05,29.0,1.005000000000006,1.0100250000000124,0.17181024999999142
0.33045,0.0,6.2,0,0.507,6.086,61.5,3.6519,8,307.0,17.4,376.75,10.88,24.0,0.4819999999999993,0.23232399999999934,1.2276639999999934
0.52058,0.0,6.2,1,0.507,6.631,76.5,4.148,8,307.0,17.4,388.45,9.54,25.1,-0.6559999999999597,0.43033599999994715,5.205242249999941
0.51183,0.0,6.2,0,0.507,7.358,71.6,4.148,8,307.0,17.4,390.07,4.73,31.5,-0.8940000000000055,0.7992360000000097,0.3588009999999875
0.08244,30.0,4.93,0,0.428,6.481,18.5,6.1899,6,300.0,16.6,379.41,6.36,23.7,-0.17999999999999972,0.0323999999999999,0.060515999999988856
0.09252,30.0,4.93,0,0.428,6.606,42.2,6.1899,6,300.0,16.6,383.78,7.37,23.3,-1.154999999999994,1.3340249999999862,1.531406249999949
0.11329,30.0,4.93,0,0.428,6.897,54.3,6.3361,6,300.0,16.6,391.25,11.38,22.0,-1.5209999999999937,2.313440999999981,1.2555202500000076
0.10612,30.0,4.93,0,0.428,6.095,65.1,6.3361,6,300.0,16.6,394.62,12.4,20.1,-0.4689999999999799,0.21996099999998112,0.6045062500000108
0.1029,30.0,4.93,0,0.428,6.358,52.9,7.0355,6,300.0,16.6,372.75,11.22,22.2,0.08999999999998565,0.008099999999997417,0.003422249999998181
0.12757,30.0,4.93,0,0.428,6.393,7.8,7.0355,6,300.0,16.6,374.71,5.19,23.7,-0.25699999999999434,0.0660489999999971,0.06275024999999229
0.20608,22.0,5.86,0,0.431,5.593,76.5,7.9549,7,330.0,19.1,372.49,12.5,17.6,-0.3299999999999841,0.10889999999998949,3.306942249999988
0.19133,22.0,5.86,0,0.431,5.605,70.2,7.9549,7,330.0,19.1,389.13,18.46,18.5,-0.37700000000000244,0.14212900000000184,1.1077562499999893
0.33983,22.0,5.86,0,0.431,6.108,34.9,8.0555,7,330.0,19.1,390.18,9.16,24.3,0.7960000000000029,0.6336160000000046,1.9196102500000207
0.19657,22.0,5.86,0,0.431,6.226,79.2,8.0555,7,330.0,19.1,376.14,10.15,20.5,-0.2960000000000029,0.08761600000000173,1.2566410000000288
0.16439,22.0,5.86,0,0.431,6.433,49.1,7.8265,7,330.0,19.1,374.71,9.52,24.5,0.28500000000000014,0.08122500000000007,1.637120250000006
0.19073,22.0,5.86,0,0.431,6.718,17.5,7.8265,7,330.0,19.1,393.74,6.56,26.2,0.08800000000001518,0.0077440000000026715,0.6201562500000246
0.1403,22.0,5.86,0,0.431,6.487,13.0,7.3967,7,330.0,19.1,396.28,5.9,24.4,-0.10600000000002296,0.011236000000004869,0.040602250000001165
0.21409,22.0,5.86,0,0.431,6.438,8.9,7.3967,7,330.0,19.1,377.07,3.59,24.8,-0.6370000000000005,0.4057690000000006,4.566769000000033
0.08221,22.0,5.86,0,0.431,6.957,6.8,8.9067,7,330.0,19.1,386.09,3.53,29.6,-1.4529999999999674,2.1112089999999055,0.04730624999999586
0.36894,22.0,5.86,0,0.431,8.259,8.4,8.9067,7,330.0,19.1,396.9,3.54,42.8,1.0059999999999647,1.0120359999999289,18.122049000000164
0.04819,80.0,3.64,0,0.392,6.108,32.0,9.2203,1,315.0,16.4,392.89,6.57,21.9,-0.5430000000000135,0.2948490000000146,0.4323062499999798
0.03548,80.0,3.64,0,0.392,5.876,19.1,9.2203,1,315.0,16.4,395.18,9.25,20.9,0.3579999999999721,0.12816399999998004,4.592448999999911
0.01538,90.0,3.75,0,0.394,7.454,34.2,6.3361,3,244.0,15.9,386.34,3.11,44.0,0.774000000000008,0.5990760000000124,3.1311302500000027
0.61154,20.0,3.97,0,0.647,8.704,86.9,1.801,5,264.0,13.0,389.7,5.12,50.0,1.6279999999999717,2.650383999999908,20.38974024999977
0.66351,20.0,3.97,0,0.647,7.333,100.0,1.8946,5,264.0,13.0,383.29,7.79,36.0,0.6640000000000015,0.44089600000000195,0.9063040000000642
0.65665,20.0,3.97,0,0.647,6.842,100.0,2.0107,5,264.0,13.0,391.93,6.9,30.1,0.140000000000029,0.019600000000008118,0.5026810000000247
0.54011,20.0,3.97,0,0.647,7.203,81.8,2.1121,5,264.0,13.0,392.8,9.59,33.8,0.24999999999997158,0.06249999999998579,3.6921622500000613
0.53412,20.0,3.97,0,0.647,7.52,89.4,2.1398,5,264.0,13.0,388.37,7.26,43.1,0.5969999999999871,0.3564089999999846,6.49230400000001
0.52014,20.0,3.97,0,0.647,8.398,91.5,2.2885,5,264.0,13.0,386.86,5.91,48.8,1.0889999999999276,1.1859209999998424,6.62032899999982
0.82526,20.0,3.97,0,0.647,7.327,94.5,2.0788,5,264.0,13.0,393.42,11.25,31.0,0.2610000000000099,0.06812100000000516,0.12531599999997428
0.55007,20.0,3.97,0,0.647,7.206,91.6,1.9301,5,264.0,13.0,387.89,8.1,36.5,0.48100000000000165,0.2313610000000016,2.363906249999939
0.76162,20.0,3.97,0,0.647,5.56,62.8,1.9865,5,264.0,13.0,392.4,10.45,22.8,0.15700000000000358,0.024649000000001125,1.3525689999999841
0.7857,20.0,3.97,0,0.647,7.014,84.6,2.1329,5,264.0,13.0,384.07,14.79,30.7,2.045000000000016,4.182025000000065,1.5128999999999835
0.57834,20.0,3.97,0,0.575,8.297,67.0,2.4216,5,264.0,13.0,384.54,7.44,50.0,2.7079999999999913,7.333263999999953,31.2145689999994
0.5405,20.0,3.97,0,0.575,7.47,52.6,2.872,5,264.0,13.0,390.3,3.16,43.5,-1.3519999999999968,1.8279039999999913,6.700332249999907
0.09065,20.0,6.96,1,0.464,5.92,61.5,3.9175,3,223.0,18.6,391.34,13.65,20.7,-0.2860000000000227,0.08179600000001297,0.20793599999999632
0.29916,20.0,6.96,0,0.464,5.856,42.1,4.429,3,223.0,18.6,388.65,13.0,21.1,-0.03199999999997871,0.0010239999999986375,0.18318400000000376
0.16211,20.0,6.96,0,0.464,6.24,16.3,4.429,3,223.0,18.6,396.9,6.59,25.2,0.26099999999999923,0.0681209999999996,0.7876562500000177
0.1146,20.0,6.96,0,0.464,6.538,58.7,3.9175,3,223.0,18.6,394.96,7.73,24.4,-0.28600000000002623,0.08179600000001501,0.08037225000000407
0.22188,20.0,6.96,1,0.464,7.691,51.8,4.3665,3,223.0,18.6,390.77,6.58,35.2,-3.2199999999999633,10.368399999999763,5.216656000000028
0.05644,40.0,6.41,1,0.447,6.758,32.9,4.0776,4,254.0,17.6,396.9,3.53,32.4,0.19199999999996464,0.03686399999998642,3.8494439999999295
0.09604,40.0,6.41,0,0.447,6.854,42.8,4.2673,4,254.0,17.6,396.9,2.98,32.0,-0.38300000000000267,0.14668900000000204,5.605056250000049
0.10469,40.0,6.41,1,0.447,7.267,49.0,4.7872,4,254.0,17.6,389.25,6.05,33.2,-0.6129999999999711,0.3757689999999646,0.4468922500000307
0.06127,40.0,6.41,1,0.447,6.826,27.6,4.8628,4,254.0,17.6,393.45,4.16,33.1,0.66700000000003,0.44488900000004006,0.9672722500000407
0.07978,40.0,6.41,0,0.447,6.482,32.1,4.1403,4,254.0,17.6,396.9,7.19,29.1,1.260000000000037,1.5876000000000934,7.806435999999983
0.21038,20.0,3.33,0,0.4429,6.812,32.2,4.1007,5,216.0,14.9,396.9,4.85,35.1,1.81700000000005,3.3014890000001813,3.942210250000007
0.03578,20.0,3.33,0,0.4429,7.82,64.5,4.6947,5,216.0,14.9,387.31,3.76,45.4,-0.605000000000004,0.3660250000000048,0.32489999999998415
0.03705,20.0,3.33,0,0.4429,6.968,37.2,5.2447,5,216.0,14.9,392.23,4.59,35.4,0.4859999999999687,0.23619599999996957,1.1310322499999648
0.06129,20.0,3.33,1,0.4429,7.645,49.7,5.2119,5,216.0,14.9,377.07,3.01,46.0,0.14500000000001023,0.02102500000000297,1.2144040000001024
0.01501,90.0,1.21,1,0.401,7.923,24.8,5.885,1,198.0,13.6,395.52,3.16,50.0,1.5109999999999886,2.2831209999999653,25.750550249999787
0.00906,90.0,2.97,0,0.4,7.088,20.8,7.3073,1,285.0,15.3,394.72,7.85,32.2,0.22100000000003917,0.04884100000001731,0.4617202499999674
0.01096,55.0,2.25,0,0.389,6.453,31.9,7.3073,1,300.0,15.3,394.72,8.23,22.0,-0.0920000000000023,0.008464000000000424,0.20430400000000157
0.01965,80.0,1.76,0,0.385,6.23,31.5,9.0892,1,241.0,18.2,341.6,12.93,20.1,-1.5669999999999753,2.4554889999999228,8.323224999999969
0.03871,52.5,5.32,0,0.405,6.209,31.3,7.3172,6,293.0,16.6,396.9,7.14,23.2,-0.08100000000001017,0.006561000000001648,0.0504002499999868
0.0459,52.5,5.32,0,0.405,6.315,45.6,7.3172,6,293.0,16.6,396.9,7.6,22.3,-0.34899999999999665,0.12180099999999766,0.47059599999994145
0.04297,52.5,5.32,0,0.405,6.565,22.9,7.3172,6,293.0,16.6,371.72,9.51,24.8,0.15200000000000458,0.02310400000000139,1.8769000000000027
0.03502,80.0,4.95,0,0.411,6.861,27.9,5.1167,4,245.0,19.2,396.9,3.33,28.5,-1.2510000000000048,1.5650010000000119,0.19053224999998342
0.07886,80.0,4.95,0,0.411,7.148,27.7,5.1167,4,245.0,19.2,396.9,3.56,37.3,1.3839999999999577,1.915455999999883,3.2508090000002463
0.03615,80.0,4.95,0,0.411,6.63,23.4,5.1167,4,245.0,19.2,396.9,4.7,27.9,0.01699999999997104,0.0002889999999990153,0.5055209999999979
0.08265,0.0,13.92,0,0.437,6.127,18.4,5.5027,4,289.0,16.0,396.9,8.58,23.9,0.33299999999997354,0.11088899999998238,0.2525062500000227
0.08199,0.0,13.92,0,0.437,6.009,42.3,5.5027,4,289.0,16.0,396.9,10.4,21.7,-0.021000000000022112,0.0004410000000009287,0.5677622499999824
0.12932,0.0,13.92,0,0.437,6.678,31.1,5.9604,4,289.0,16.0,396.9,6.27,28.6,0.6240000000000343,0.3893760000000428,0.6855839999999931
0.05372,0.0,13.92,0,0.437,6.549,51.0,5.9604,4,289.0,16.0,392.85,7.39,27.1,0.8410000000000366,0.7072810000000616,1.007012250000012
0.14103,0.0,13.92,0,0.437,5.79,58.0,6.32,4,289.0,16.0,396.9,15.84,20.3,-0.3249999999999851,0.1056249999999903,1.8604959999999342
0.06466,70.0,2.24,0,0.4,6.345,20.1,7.8278,5,358.0,14.8,368.24,4.97,22.5,-0.5870000000000033,0.34456900000000384,1.2067022500000186
0.05561,70.0,2.24,0,0.4,7.041,10.0,7.8278,5,358.0,14.8,371.58,4.74,29.0,-2.224,4.946176000000001,0.6440062499999576
0.04417,70.0,2.24,0,0.4,6.871,47.4,7.8278,5,358.0,14.8,390.86,6.07,24.8,-1.5919999999999987,2.534463999999996,10.870208999999981
0.03537,34.0,6.09,0,0.433,6.59,40.4,5.4917,7,329.0,16.1,395.75,9.5,22.0,-1.1900000000000048,1.4161000000000115,2.3332562499999994
0.09266,34.0,6.09,0,0.433,6.495,18.4,5.4917,7,329.0,16.1,383.61,8.67,26.4,1.1079999999999721,1.2276639999999381,0.012210250000005113
0.1,34.0,6.09,0,0.433,6.982,17.7,5.4917,7,329.0,16.1,390.43,4.86,33.1,0.24100000000003519,0.05808100000001696,1.1620840000000217
0.05515,33.0,2.18,0,0.472,7.236,41.1,4.022,7,222.0,18.4,393.68,6.93,36.1,0.8630000000000422,0.7447690000000728,0.4422250000001123
0.05479,33.0,2.18,0,0.472,6.616,58.1,3.37,7,222.0,18.4,393.36,8.93,28.4,0.833999999999957,0.6955559999999282,0.06734024999998482
0.07503,33.0,2.18,0,0.472,7.42,71.9,3.0992,7,222.0,18.4,396.9,6.47,33.4,-0.6450000000000315,0.4160250000000407,0.8271902499999765
0.04932,33.0,2.18,0,0.472,6.849,70.3,3.1827,7,222.0,18.4,396.9,7.53,28.2,-0.17599999999998772,0.030975999999995677,1.5475360000000082
0.49298,0.0,9.9,0,0.544,6.635,82.5,3.3175,4,304.0,18.4,396.9,4.54,22.8,-2.6890000000000107,7.230721000000058,26.543104000000195
0.3494,0.0,9.9,0,0.544,5.972,76.7,3.1025,4,304.0,18.4,396.24,9.97,20.3,-0.006999999999980133,4.899999999972187e-05,0.9890302499999831
2.63548,0.0,9.9,0,0.544,4.973,37.8,2.5194,4,304.0,18.4,350.45,12.64,16.1,-1.9499999999999744,3.8024999999999003,0.052441000000006954
0.79041,0.0,9.9,0,0.544,6.122,52.8,2.6403,4,304.0,18.4,396.9,5.98,22.1,-0.7919999999999803,0.6272639999999687,0.00021024999999963816
0.26169,0.0,9.9,0,0.544,6.023,90.4,2.834,4,304.0,18.4,396.3,11.72,19.4,-0.09900000000001441,0.009801000000002853,1.4065960000000588
0.26938,0.0,9.9,0,0.544,6.266,82.8,3.2628,4,304.0,18.4,393.39,7.9,21.6,-0.5159999999999698,0.26625599999996885,0.35462024999999303
0.3692,0.0,9.9,0,0.544,6.567,87.3,3.6023,4,304.0,18.4,395.69,9.28,23.8,-0.4540000000000006,0.20611600000000058,1.5612502499999674
0.25356,0.0,9.9,0,0.544,5.705,77.7,3.945,4,304.0,18.4,396.42,11.5,16.2,-1.317000000000018,1.7344890000000472,5.096306250000001
0.31827,0.0,9.9,0,0.544,5.914,83.2,3.9986,4,304.0,18.4,390.7,18.33,17.8,-0.7829999999999835,0.6130889999999741,2.447660250000019
0.24522,0.0,9.9,0,0.544,5.782,71.7,4.0317,4,304.0,18.4,396.9,15.94,19.8,0.13500000000001577,0.01822500000000426,0.19359999999998237
0.40202,0.0,9.9,0,0.544,6.382,67.2,3.5325,4,304.0,18.4,395.21,10.36,23.1,0.3130000000000308,0.09796900000001929,0.19624900000002013
0.47547,0.0,9.9,0,0.544,6.113,58.8,4.0019,4,304.0,18.4,396.23,12.73,21.0,-0.06499999999999417,0.004224999999999242,0.5624999999999947
0.1676,0.0,7.38,0,0.493,6.426,52.3,4.5404,5,287.0,19.6,396.9,7.2,23.8,0.03900000000000148,0.0015210000000001154,0.07371224999999787
0.18159,0.0,7.38,0,0.493,6.376,54.3,4.5404,5,287.0,19.6,396.9,6.87,23.1,-0.34699999999996933,0.12040899999997871,0.0031922500000019817
0.35114,0.0,7.38,0,0.493,6.041,49.9,4.7211,5,287.0,19.6,396.9,7.7,20.4,-0.5860000000000198,0.34339600000002324,0.10890000000000122
0.28392,0.0,7.38,0,0.493,5.708,74.3,4.7211,5,287.0,19.6,391.13,11.74,18.5,-0.1910000000000025,0.03648100000000096,1.1946489999999612
0.34109,0.0,7.38,0,0.493,6.415,40.1,4.7211,5,287.0,19.6,396.9,6.12,25.0,0.21800000000000352,0.04752400000000154,0.5198410000000206
0.19186,0.0,7.38,0,0.493,6.431,14.7,5.4159,5,287.0,19.6,393.68,5.08,24.6,-0.11999999999997968,0.014399999999995123,0.14212899999998846
0.30347,0.0,7.38,0,0.493,6.312,28.9,5.4159,5,287.0,19.6,396.9,6.15,23.0,-0.7749999999999986,0.6006249999999977,0.07398400000000689
0.24103,0.0,7.38,0,0.493,6.083,43.7,5.4159,5,287.0,19.6,396.9,12.79,22.2,0.5229999999999819,0.2735289999999811,0.0031922499999991714
0.06617,0.0,3.24,0,0.46,5.868,25.8,5.2146,4,430.0,16.9,382.44,9.97,19.3,-0.5029999999999824,0.2530089999999822,0.004761000000001341
0.06724,0.0,3.24,0,0.46,6.333,17.2,5.2146,4,430.0,16.9,375.21,7.34,22.6,-0.24999999999997158,0.06249999999998579,0.6544810000000018
0.04544,0.0,3.24,0,0.46,6.144,32.2,5.8736,4,430.0,16.9,368.57,9.09,19.8,-0.6599999999999753,0.43559999999996735,0.19847024999999605
0.05023,35.0,6.06,0,0.4379,5.706,28.4,6.6407,1,304.0,16.9,394.02,12.43,17.1,-0.8669999999999867,0.7516889999999768,1.734489000000038
0.03466,35.0,6.06,0,0.4379,6.031,23.3,6.6407,1,304.0,16.9,362.25,7.83,19.4,-0.5510000000000339,0.30360100000003737,1.2465722500000125
0.05083,0.0,5.19,0,0.515,6.316,38.1,6.4584,5,224.0,20.2,389.71,5.68,22.2,-0.29800000000000537,0.0888040000000032,0.37393224999996894
0.03738,0.0,5.19,0,0.515,6.31,38.5,6.4584,5,224.0,20.2,389.4,6.75,20.7,-1.1020000000000074,1.2144040000000162,2.5792359999999825
0.03961,0.0,5.19,0,0.515,6.037,34.5,5.9853,5,224.0,20.2,396.9,8.01,21.1,0.2060000000000315,0.04243600000001298,0.5112249999999998
0.03427,0.0,5.19,0,0.515,5.869,46.3,5.2311,5,224.0,20.2,396.9,9.8,19.5,0.16300000000000026,0.026569000000000082,2.5472159999998754
0.03041,0.0,5.19,0,0.515,5.895,59.6,5.615,5,224.0,20.2,394.81,10.56,18.5,-0.5390000000000015,0.2905210000000016,1.0020009999999882
0.03306,0.0,5.19,0,0.515,6.059,37.3,4.8122,5,224.0,20.2,396.14,8.51,20.6,-0.15699999999996805,0.02464899999998997,0.028223999999993782
0.05497,0.0,5.19,0,0.515,5.985,45.4,4.8122,5,224.0,20.2,396.9,9.74,19.0,-0.43900000000000006,0.19272100000000006,0.31080624999997736
0.06151,0.0,5.19,0,0.515,5.968,58.5,4.8122,5,224.0,20.2,396.9,9.29,18.7,-0.678000000000015,0.4596840000000204,1.0444840000000042
0.01301,35.0,1.52,0,0.442,7.241,49.3,7.0379,1,284.0,15.5,394.74,5.49,32.7,-0.46899999999997277,0.21996099999997445,0.21669024999993264
0.02498,0.0,1.89,0,0.518,6.54,59.7,6.2669,1,422.0,15.9,389.96,8.65,16.5,-2.855000000000004,8.151025000000022,8.640660250000076
0.02543,55.0,3.78,0,0.484,6.696,56.4,5.7321,5,370.0,17.6,396.9,7.18,23.9,-1.2490000000000236,1.560001000000059,1.2321000000000462
0.03049,55.0,3.78,0,0.484,6.874,28.1,6.4654,5,370.0,17.6,387.97,4.61,31.2,0.44300000000003337,0.19624900000002957,0.6560999999999979
0.03113,0.0,4.39,0,0.442,6.014,48.5,8.0136,3,352.0,18.8,385.64,10.53,17.5,-0.7340000000000018,0.5387560000000026,1.429220249999947
0.06162,0.0,4.39,0,0.442,5.898,52.3,8.0136,3,352.0,18.8,364.61,12.67,17.2,-0.6790000000000234,0.46104100000003173,2.903616000000002
0.0187,85.0,4.15,0,0.429,6.516,27.7,8.5353,4,351.0,17.9,392.43,6.36,23.1,-0.30299999999997596,0.09180899999998543,0.6185822499999836
0.01501,80.0,2.01,0,0.435,6.635,29.7,8.344,4,280.0,17.0,390.94,5.99,24.5,-1.0110000000000028,1.0221210000000056,0.9168062500000468
0.02899,40.0,1.25,0,0.429,6.939,34.5,8.7921,1,335.0,19.7,389.85,5.89,26.6,-0.5409999999999648,0.29268099999996194,8.55562499999988
0.06211,40.0,1.25,0,0.429,6.49,44.4,8.7921,1,335.0,19.7,396.9,5.98,22.9,-0.4670000000000343,0.218089000000032,0.08880399999998202
0.0795,60.0,1.69,0,0.411,6.579,35.9,10.7103,4,411.0,18.3,370.78,5.49,24.1,-0.8059999999999654,0.6496359999999443,0.20025625000002048
0.07244,60.0,1.69,0,0.411,5.884,18.5,10.7103,4,411.0,18.3,392.33,7.79,18.6,-1.1359999999999815,1.290495999999958,1.8865022499999706
0.01709,90.0,2.02,0,0.41,6.728,36.1,12.1265,5,187.0,17.0,384.46,4.5,30.1,0.01200000000004664,0.00014400000000111936,1.5850810000000277
0.04301,80.0,1.91,0,0.413,5.663,21.9,10.5857,4,334.0,22.0,382.8,8.05,18.2,-0.5640000000000143,0.3180960000000161,1.3236502499999858
0.10659,80.0,1.91,0,0.413,5.936,19.5,10.5857,4,334.0,22.0,376.04,5.57,20.6,-0.4399999999999764,0.19359999999997923,1.648655999999979
8.98296,0.0,18.1,1,0.77,6.212,97.4,2.1222,24,666.0,20.2,377.73,17.6,17.8,1.0860000000000198,1.1793960000000432,4.334723999999929
3.8497,0.0,18.1,1,0.77,6.395,91.0,2.5052,24,666.0,20.2,391.34,13.27,21.7,0.5149999999999757,0.26522499999997495,0.012432249999999093
5.20177,0.0,18.1,1,0.77,6.127,83.4,2.7227,24,666.0,20.2,395.43,11.48,22.7,0.7179999999999858,0.5155239999999796,0.3937562500000061
4.26131,0.0,18.1,0,0.77,6.112,81.3,2.5091,24,666.0,20.2,390.74,12.67,22.6,0.7810000000000237,0.609961000000037,0.01729225000000536
4.54192,0.0,18.1,0,0.77,6.398,88.0,2.5182,24,666.0,20.2,374.56,7.79,25.0,1.338000000000001,1.7902440000000026,2.4320402499999774
3.83684,0.0,18.1,0,0.77,6.251,91.1,2.2955,24,666.0,20.2,350.65,14.19,19.9,-0.3770000000000344,0.14212900000002596,0.14861025000000852
3.67822,0.0,18.1,0,0.77,5.362,96.2,2.1036,24,666.0,20.2,380.79,10.19,20.8,0.31500000000001904,0.099225000000012,1.678320250000029
4.22239,0.0,18.1,1,0.77,5.803,89.0,1.9047,24,666.0,20.2,353.04,14.64,16.8,-0.3019999999999783,0.09120399999998688,2.006472250000028
3.47428,0.0,18.1,1,0.718,8.78,82.9,1.9047,24,666.0,20.2,354.55,5.29,21.9,-7.953000000000035,63.25020900000055,329.8945690000007
4.55587,0.0,18.1,0,0.718,3.561,87.9,1.6132,24,666.0,20.2,354.7,7.12,27.5,1.6629999999999967,2.765568999999989,1.7516522499999228
3.69695,0.0,18.1,0,0.718,4.963,91.4,1.7523,24,666.0,20.2,316.03,14.0,21.9,0.9079999999999764,0.8244639999999571,0.17598024999999942
13.5222,0.0,18.1,0,0.631,3.863,100.0,1.5106,24,666.0,20.2,131.42,13.33,23.1,1.68500000000002,2.8392250000000674,0.021609000000001637
4.89822,0.0,18.1,0,0.631,4.97,100.0,1.3325,24,666.0,20.2,375.52,3.26,50.0,4.4680000000000035,19.963024000000033,27.20665600000016
5.66998,0.0,18.1,1,0.631,6.683,96.8,1.3567,24,666.0,20.2,375.33,3.73,50.0,2.5679999999999907,6.5946239999999525,144.79308899999987
6.53876,0.0,18.1,1,0.631,7.016,97.5,1.2024,24,666.0,20.2,392.05,2.96,50.0,4.111000000000004,16.900321000000034,125.86596099999954
9.2323,0.0,18.1,0,0.631,6.216,100.0,1.1691,24,666.0,20.2,366.15,9.53,50.0,6.534000000000006,42.69315600000008,34.58028025000014
8.26725,0.0,18.1,1,0.668,5.875,89.6,1.1296,24,666.0,20.2,347.88,8.88,50.0,5.0900000000000105,25.908100000000108,43.171470250000034
11.1081,0.0,18.1,0,0.668,4.906,100.0,1.1742,24,666.0,20.2,396.9,34.77,13.8,0.7180000000000213,0.5155240000000306,1.1056522499999903
18.4982,0.0,18.1,0,0.668,4.138,100.0,1.137,24,666.0,20.2,396.9,37.97,13.8,0.550000000000022,0.30250000000002425,5.58613225
19.6091,0.0,18.1,0,0.671,7.313,97.9,1.3163,24,666.0,20.2,396.9,13.44,15.0,-4.427,19.598328999999996,47.02530625000017
15.288,0.0,18.1,0,0.671,6.649,93.3,1.3449,24,666.0,20.2,363.02,23.24,13.9,0.9739999999999949,0.94867599999999,2.013560999999996
9.82349,0.0,18.1,0,0.671,6.794,98.8,1.358,24,666.0,20.2,396.9,21.24,13.3,0.5040000000000173,0.25401600000001745,1.8632250000000248
23.6482,0.0,18.1,0,0.671,6.38,96.2,1.3861,24,666.0,20.2,396.9,23.69,13.1,1.368000000000002,1.8714240000000057,0.03648099999999281
17.8667,0.0,18.1,0,0.671,6.223,100.0,1.3861,24,666.0,20.2,393.74,21.78,10.2,-0.5690000000000115,0.32376100000001307,2.029200249999955
88.9762,0.0,18.1,0,0.671,6.968,91.9,1.4165,24,666.0,20.2,396.9,17.21,10.4,-2.535000000000009,6.426225000000046,28.595756250000022
15.8744,0.0,18.1,0,0.671,6.545,99.1,1.5192,24,666.0,20.2,396.9,21.08,10.9,0.15900000000000603,0.025281000000001917,0.2134440000000014
9.18702,0.0,18.1,0,0.7,5.536,100.0,1.5804,24,666.0,20.2,396.9,23.6,11.3,0.04400000000001825,0.0019360000000016057,0.5119402499999955
7.99248,0.0,18.1,0,0.7,5.52,100.0,1.5331,24,666.0,20.2,396.9,24.56,12.3,0.7270000000000145,0.5285290000000211,0.01476224999999896
20.0849,0.0,18.1,0,0.7,4.368,91.2,1.4395,24,666.0,20.2,285.83,30.63,8.8,-0.14199999999999235,0.02016399999999783,0.6922240000000308
16.8118,0.0,18.1,0,0.7,5.277,98.1,1.4261,24,666.0,20.2,396.9,30.81,7.2,-0.7840000000000051,0.6146560000000081,0.19758024999999813
24.3938,0.0,18.1,0,0.7,4.652,100.0,1.4672,24,666.0,20.2,396.9,28.28,10.5,1.0039999999999978,1.0080159999999956,1.0271822500000298
22.5971,0.0,18.1,0,0.7,5.0,89.5,1.5184,24,666.0,20.2,396.9,31.99,7.4,-0.43599999999999106,0.19009599999999222,2.0178202500000064
14.3337,0.0,18.1,0,0.7,4.88,100.0,1.5895,24,666.0,20.2,372.92,30.62,10.2,0.4589999999999854,0.21068099999998663,0.9950062499999868
8.15174,0.0,18.1,0,0.7,5.39,98.9,1.7281,24,666.0,20.2,396.9,20.85,11.5,0.11600000000000321,0.013456000000000745,0.30305025000000146
6.96215,0.0,18.1,0,0.7,5.713,97.0,1.9265,24,666.0,20.2,394.43,17.11,15.1,0.20000000000000817,0.04000000000000327,0.5929000000000103
5.29305,0.0,18.1,0,0.7,6.051,82.5,2.1678,24,666.0,20.2,378.38,18.76,23.2,2.633999999999979,6.93795599999989,14.872592249999949
11.5779,0.0,18.1,0,0.7,5.036,97.0,1.77,24,666.0,20.2,396.9,25.68,9.7,-0.23100000000000698,0.053361000000003225,0.08614224999999992
8.64476,0.0,18.1,0,0.693,6.193,92.6,1.7912,24,666.0,20.2,396.9,15.17,13.8,-0.5249999999999879,0.2756249999999873,1.300740249999962
13.3598,0.0,18.1,0,0.693,5.887,94.7,1.7821,24,666.0,20.2,396.9,16.35,12.7,0.21199999999998376,0.044943999999993114,1.0847222500000318
8.71675,0.0,18.1,0,0.693,6.471,98.8,1.7257,24,666.0,20.2,391.98,17.12,13.1,-0.8629999999999924,0.7447689999999869,0.3757690000000038
5.87205,0.0,18.1,0,0.693,6.405,96.0,1.6768,24,666.0,20.2,396.9,19.37,12.5,-0.7470000000000034,0.5580090000000051,0.1455422499999898
7.67202,0.0,18.1,0,0.693,5.747,98.9,1.6334,24,666.0,20.2,393.1,19.92,8.5,-1.8289999999999988,3.3452409999999957,7.703400249999946
38.3518,0.0,18.1,0,0.693,5.453,100.0,1.4896,24,666.0,20.2,396.9,30.59,5.0,-0.8540000000000001,0.7293160000000002,2.800602250000026
9.91655,0.0,18.1,0,0.693,5.852,77.8,1.5004,24,666.0,20.2,338.16,29.97,6.3,-1.736999999999992,3.0171689999999725,9.357481000000012
25.0461,0.0,18.1,0,0.693,5.987,100.0,1.5888,24,666.0,20.2,396.9,26.77,5.6,-1.0100000000000096,1.0201000000000193,2.6666890000000434
14.2362,0.0,18.1,0,0.693,6.343,100.0,1.5741,24,666.0,20.2,396.9,20.32,7.2,-0.7860000000000067,0.6177960000000106,4.268355999999992
9.59571,0.0,18.1,0,0.693,6.404,100.0,1.639,24,666.0,20.2,376.11,20.31,12.1,1.038999999999998,1.0795209999999957,11.195716000000024
24.8017,0.0,18.1,0,0.693,5.349,96.0,1.7028,24,666.0,20.2,396.9,19.77,8.3,-1.2169999999999899,1.4810889999999752,1.3912202500000022
41.5292,0.0,18.1,0,0.693,5.531,85.4,1.6074,24,666.0,20.2,329.46,27.38,8.5,0.5920000000000014,0.35046400000000166,3.920400000000065
67.9208,0.0,18.1,0,0.693,5.683,100.0,1.4254,24,666.0,20.2,384.97,22.98,5.0,-1.413000000000002,1.9965690000000058,6.535692250000058
20.7162,0.0,18.1,0,0.659,4.138,100.0,1.1781,24,666.0,20.2,370.22,23.34,11.9,-0.3550000000000004,0.1260250000000003,1.3971239999999798
11.9511,0.0,18.1,0,0.659,5.608,100.0,1.2852,24,666.0,20.2,332.09,12.13,27.9,0.440999999999967,0.19448099999997087,35.14711224999974
7.40389,0.0,18.1,0,0.597,5.617,97.9,1.4547,24,666.0,20.2,314.64,26.4,17.2,0.7529999999999752,0.5670089999999627,11.062275999999944
14.4383,0.0,18.1,0,0.597,6.852,100.0,1.4655,24,666.0,20.2,179.36,19.78,27.5,3.836999999999989,14.722568999999917,69.63068024999988
51.1358,0.0,18.1,0,0.597,5.757,100.0,1.413,24,666.0,20.2,2.6,10.11,15.0,-4.206000000000007,17.690436000000055,0.32035599999999076
14.0507,0.0,18.1,0,0.597,6.657,100.0,1.5275,24,666.0,20.2,35.05,21.22,17.2,0.49599999999997735,0.24601599999997753,11.13890624999993
18.811,0.0,18.1,0,0.597,4.628,100.0,1.5539,24,666.0,20.2,28.79,34.37,17.9,1.0179999999999794,1.036323999999958,18.339806249999974
28.6558,0.0,18.1,0,0.597,5.155,100.0,1.5894,24,666.0,20.2,210.97,20.08,16.3,0.5080000000000133,0.25806400000001356,1.9002622500000166
45.7461,0.0,18.1,0,0.693,4.519,100.0,1.6582,24,666.0,20.2,88.27,36.98,7.0,-0.6549999999999985,0.429024999999998,0.25857225000000245
18.0846,0.0,18.1,0,0.679,6.434,100.0,1.8347,24,666.0,20.2,27.25,29.05,7.2,-0.6440000000000046,0.4147360000000059,0.9457562500000124
10.8342,0.0,18.1,0,0.679,6.782,90.8,1.8195,24,666.0,20.2,21.57,25.79,7.5,-0.9639999999999986,0.9292959999999973,12.023556249999995
25.9406,0.0,18.1,0,0.679,5.304,89.1,1.6475,24,666.0,20.2,127.36,26.64,10.4,0.8480000000000114,0.7191040000000194,0.01664099999999897
73.5341,0.0,18.1,0,0.679,5.957,100.0,1.8026,24,666.0,20.2,16.45,20.62,8.8,0.13300000000000622,0.017689000000001655,5.68822500000005
11.8123,0.0,18.1,0,0.718,6.824,76.5,1.794,24,666.0,20.2,48.45,22.74,8.4,-1.4229999999999858,2.02492899999996,4.042110249999987
11.0874,0.0,18.1,0,0.718,6.411,100.0,1.8589,24,666.0,20.2,318.75,15.02,16.7,1.226999999999979,1.5055289999999484,0.5234522500000277
7.02259,0.0,18.1,0,0.718,6.006,95.3,1.8746,24,666.0,20.2,319.98,15.7,14.2,-0.4080000000000208,0.16646400000001696,0.002450250000000713
12.0482,0.0,18.1,0,0.614,5.648,87.6,1.9512,24,666.0,20.2,291.55,14.1,20.8,0.14200000000002078,0.0201640000000059,3.236401000000011
7.05042,0.0,18.1,0,0.614,6.103,85.1,2.0218,24,666.0,20.2,2.52,23.29,13.4,0.22799999999999798,0.05198399999999908,3.337929
8.79212,0.0,18.1,0,0.584,5.565,70.6,2.0635,24,666.0,20.2,3.65,17.16,11.7,-0.9320000000000199,0.8686240000000371,2.6422502499999614
15.8603,0.0,18.1,0,0.679,5.896,95.4,1.9096,24,666.0,20.2,7.68,24.39,8.3,-0.4179999999999886,0.17472399999999047,1.0774439999999967
12.2472,0.0,18.1,0,0.584,5.837,59.7,1.9976,24,666.0,20.2,24.65,15.69,10.2,-2.053000000000017,4.214809000000069,11.692980250000057
37.6619,0.0,18.1,0,0.679,6.202,78.7,1.8629,24,666.0,20.2,18.82,14.52,10.9,-1.6029999999999998,2.5696089999999994,21.210630249999895
7.36711,0.0,18.1,0,0.679,6.193,78.1,1.9356,24,666.0,20.2,96.73,21.52,11.0,-0.2519999999999989,0.06350399999999944,3.9322890000000443
9.33889,0.0,18.1,0,0.679,6.38,95.6,1.9682,24,666.0,20.2,60.72,24.08,9.5,-0.8429999999999964,0.710648999999994,1.7768889999999864
8.49213,0.0,18.1,0,0.584,6.348,86.1,2.0527,24,666.0,20.2,83.45,17.64,14.5,0.363999999999999,0.13249599999999925,5.704932249999969
10.0623,0.0,18.1,0,0.584,6.833,94.3,2.0882,24,666.0,20.2,81.33,19.69,14.1,-2.196999999999983,4.826808999999926,1.8673222500000055
6.44405,0.0,18.1,0,0.584,6.425,74.8,2.2004,24,666.0,20.2,97.95,12.03,16.1,-2.277999999999981,5.189283999999913,0.041006249999998794
5.58107,0.0,18.1,0,0.713,6.436,87.9,2.3158,24,666.0,20.2,100.19,16.22,14.3,-0.45899999999998187,0.21068099999998335,1.300740249999962
13.9134,0.0,18.1,0,0.713,6.208,95.0,2.2222,24,666.0,20.2,100.63,15.17,11.7,-0.9470000000000187,0.8968090000000355,1.959999999999981
11.1604,0.0,18.1,0,0.74,6.629,94.6,2.1247,24,666.0,20.2,109.85,23.27,13.4,0.6089999999999964,0.37088099999999563,0.3249000000000003
14.4208,0.0,18.1,0,0.74,6.461,93.3,2.0026,24,666.0,20.2,27.49,18.05,9.6,-1.4300000000000068,2.0449000000000197,2.3854802500000365
15.1772,0.0,18.1,0,0.74,6.152,100.0,1.9142,24,666.0,20.2,9.32,26.45,8.7,-0.12900000000000844,0.01664100000000218,0.691392250000015
13.6781,0.0,18.1,0,0.74,5.935,87.9,1.8206,24,666.0,20.2,68.95,34.02,8.4,-0.023999999999988475,0.0005759999999994467,1.8823840000000143
9.39063,0.0,18.1,0,0.74,5.627,93.9,1.8172,24,666.0,20.2,396.9,22.88,12.8,0.5570000000000146,0.31024900000001626,0.03763600000000722
22.0511,0.0,18.1,0,0.74,5.818,92.4,1.8662,24,666.0,20.2,391.45,22.11,10.5,0.18500000000000227,0.03422500000000084,0.07425625000000531
9.72418,0.0,18.1,0,0.74,6.406,97.2,2.0651,24,666.0,20.2,385.96,19.52,17.1,1.0880000000000152,1.183744000000033,6.633200249999945
5.66637,0.0,18.1,0,0.74,6.219,100.0,2.0048,24,666.0,20.2,395.69,16.59,18.4,1.108999999999977,1.2298809999999487,1.0722602499999832
9.96654,0.0,18.1,0,0.74,6.485,100.0,1.9784,24,666.0,20.2,386.73,18.85,15.4,-0.026000000000014012,0.0006760000000007286,4.311852250000101
12.8023,0.0,18.1,0,0.74,5.854,96.6,1.8956,24,666.0,20.2,240.52,23.79,10.8,0.31100000000001593,0.09672100000000991,1.1491839999999982
10.6718,0.0,18.1,0,0.74,6.459,94.8,1.9879,24,666.0,20.2,43.06,23.98,11.8,0.22700000000001275,0.051529000000005785,0.147456000000003
6.28807,0.0,18.1,0,0.74,6.341,96.4,2.072,24,666.0,20.2,318.01,17.79,14.9,0.08999999999999098,0.008099999999998376,0.003969000000002763
9.92485,0.0,18.1,0,0.74,6.251,96.6,2.198,24,666.0,20.2,388.52,16.44,12.6,-1.176999999999996,1.3853289999999907,1.704330249999945
9.32909,0.0,18.1,0,0.713,6.185,98.7,2.2616,24,666.0,20.2,396.9,18.13,14.1,-0.4599999999999884,0.21159999999998935,0.0888040000000085
7.52601,0.0,18.1,0,0.713,6.417,98.3,2.185,24,666.0,20.2,304.21,19.31,13.0,-0.49500000000000277,0.24502500000000274,0.34398224999998855
6.71772,0.0,18.1,0,0.713,6.749,92.6,2.3236,24,666.0,20.2,0.32,17.44,13.4,-0.49300000000000566,0.24304900000000557,0.5468602499999811
5.44114,0.0,18.1,0,0.713,6.655,98.2,2.3552,24,666.0,20.2,355.29,17.73,15.2,-0.03200000000001779,0.0010240000000011386,0.2056622499999952
5.09017,0.0,18.1,0,0.713,6.297,91.8,2.3682,24,666.0,20.2,385.09,17.27,16.1,-0.07399999999997675,0.005475999999996559,0.052212250000003416
8.24809,0.0,18.1,0,0.713,7.393,99.3,2.4527,24,666.0,20.2,375.87,16.74,17.8,-1.187999999999981,1.411343999999955,1.7371240000000505
9.51363,0.0,18.1,0,0.713,6.728,94.1,2.4961,24,666.0,20.2,6.68,18.71,14.9,0.2329999999999881,0.05428899999999446,0.19448100000000063
4.75237,0.0,18.1,0,0.713,6.525,86.5,2.4358,24,666.0,20.2,50.92,18.13,14.1,-0.30800000000000516,0.09486400000000318,0.2601000000000197
4.66883,0.0,18.1,0,0.713,5.976,87.9,2.5806,24,666.0,20.2,10.48,19.01,12.7,-0.8730000000000224,0.7621290000000391,0.9920159999999902
8.20058,0.0,18.1,0,0.713,5.936,80.3,2.7792,24,666.0,20.2,3.5,16.94,13.5,-0.8770000000000024,0.7691290000000043,0.032041000000002644
7.75223,0.0,18.1,0,0.713,6.301,83.7,2.7831,24,666.0,20.2,272.21,16.23,14.9,-0.33400000000001384,0.11155600000000924,0.0702250000000003
6.80117,0.0,18.1,0,0.713,6.081,84.4,2.7175,24,666.0,20.2,396.9,14.7,20.0,0.8240000000000016,0.6789760000000027,0.708963999999974
4.81213,0.0,18.1,0,0.713,6.701,90.0,2.5975,24,666.0,20.2,255.23,16.42,16.4,0.3459999999999894,0.11971599999999269,0.33005025000001276
3.69311,0.0,18.1,0,0.713,6.376,88.4,2.5671,24,666.0,20.2,391.43,14.65,17.7,-0.5410000000000181,0.2926810000000196,0.12285025000000017
6.65492,0.0,18.1,0,0.713,6.317,83.0,2.7344,24,666.0,20.2,396.9,13.99,19.5,-0.379999999999999,0.14439999999999925,0.10530025000000721
5.82115,0.0,18.1,0,0.713,6.513,89.9,2.8016,24,666.0,20.2,393.82,10.29,20.2,-0.6780000000000257,0.45968400000003484,0.15171025000000687
7.83932,0.0,18.1,0,0.655,6.209,65.4,2.9634,24,666.0,20.2,396.9,13.22,21.4,0.3249999999999815,0.10562499999998799,0.2029502500000175
3.1636,0.0,18.1,0,0.655,5.759,48.2,3.0665,24,666.0,20.2,334.4,14.13,19.9,-0.4030000000000271,0.16240900000002184,1.0342890000000062
3.77498,0.0,18.1,0,0.655,5.952,84.7,2.8715,24,666.0,20.2,22.01,17.15,19.0,1.772000000000002,3.139984000000007,0.7525562499999995
4.42228,0.0,18.1,0,0.584,6.003,94.5,2.5403,24,666.0,20.2,331.29,21.32,19.1,2.114000000000022,4.468996000000093,0.26163224999998713
15.5757,0.0,18.1,0,0.58,5.926,71.0,2.9084,24,666.0,20.2,368.74,18.13,19.1,1.569000000000024,2.461761000000075,4.767672250000009
13.0751,0.0,18.1,0,0.58,5.713,56.7,2.8237,24,666.0,20.2,396.9,14.76,20.1,0.9820000000000242,0.9643240000000475,0.5329000000000058
4.34879,0.0,18.1,0,0.58,6.167,84.0,3.0334,24,666.0,20.2,396.9,16.29,19.9,0.8629999999999782,0.7447689999999624,0.4984360000000043
4.03841,0.0,18.1,0,0.532,6.229,90.7,3.0993,24,666.0,20.2,395.33,12.87,19.6,-0.4099999999999824,0.16809999999998554,0.037830250000001946
3.56868,0.0,18.1,0,0.58,6.437,75.0,2.8965,24,666.0,20.2,393.37,14.36,23.2,1.446999999999985,2.0938089999999563,0.9331559999999883
4.64689,0.0,18.1,0,0.614,6.98,67.6,2.5329,24,666.0,20.2,374.68,11.66,29.8,2.9059999999999917,8.444835999999952,5.033292249999845
8.05579,0.0,18.1,0,0.584,5.427,95.4,2.4298,24,666.0,20.2,352.58,18.14,13.8,-0.5029999999999859,0.25300899999998583,0.0034222499999988047
6.39312,0.0,18.1,0,0.584,6.162,97.4,2.206,24,666.0,20.2,302.76,24.1,13.3,-0.9929999999999826,0.9860489999999654,0.0720922500000045
4.87141,0.0,18.1,0,0.614,6.484,93.6,2.3053,24,666.0,20.2,396.21,18.68,16.7,-0.15700000000002134,0.024649000000006704,1.979649000000065
15.0234,0.0,18.1,0,0.614,5.304,97.3,2.1007,24,666.0,20.2,349.48,24.91,12.0,-0.3149999999999977,0.09922499999999856,0.20160099999999506
10.233,0.0,18.1,0,0.614,6.185,96.7,2.1705,24,666.0,20.2,379.7,18.03,14.6,-0.1989999999999874,0.03960099999999499,0.010920249999997363
14.3337,0.0,18.1,0,0.614,6.229,88.0,1.9512,24,666.0,20.2,383.32,13.11,21.4,0.7629999999999733,0.5821689999999592,0.7447689999999992
5.82401,0.0,18.1,0,0.532,6.242,64.7,3.4242,24,666.0,20.2,396.9,10.74,23.0,0.7890000000000015,0.6225210000000023,0.1936000000000199
5.70818,0.0,18.1,0,0.532,6.75,74.9,3.3317,24,666.0,20.2,393.07,7.74,23.7,-1.9459999999999873,3.7869159999999504,0.7250522499999844
5.73116,0.0,18.1,0,0.532,7.061,77.0,3.4106,24,666.0,20.2,395.28,7.01,25.0,-1.6050000000000004,2.5760250000000013,10.086975999999787
2.81838,0.0,18.1,0,0.532,5.762,40.3,4.0983,24,666.0,20.2,392.92,10.42,21.8,0.4950000000000152,0.24502500000001506,0.012769000000003913
2.37857,0.0,18.1,0,0.583,5.871,41.9,3.724,24,666.0,20.2,370.73,13.34,20.6,-0.07099999999997664,0.005040999999996683,0.05736025000001002
3.67367,0.0,18.1,0,0.583,6.312,51.9,3.9917,24,666.0,20.2,388.62,10.58,21.2,-0.23300000000001475,0.05428900000000687,0.4733440000000375
5.69175,0.0,18.1,0,0.583,6.114,79.8,3.5459,24,666.0,20.2,392.68,14.98,19.1,-0.17699999999997829,0.031328999999992314,5.2029610000001245
4.83567,0.0,18.1,0,0.583,5.905,53.2,3.1523,24,666.0,20.2,388.22,11.45,20.6,-0.35099999999997067,0.12320099999997941,0.9712102500000036
0.15086,0.0,27.74,0,0.609,5.454,92.7,1.8209,4,711.0,20.1,395.09,18.06,15.2,0.10099999999998666,0.010200999999997304,0.5513062499999838
0.18337,0.0,27.74,0,0.609,5.414,98.3,1.7554,4,711.0,20.1,344.05,23.97,7.0,-1.4620000000000015,2.1374440000000043,20.64339224999987
0.20746,0.0,27.74,0,0.609,5.093,98.0,1.8226,4,711.0,20.1,318.43,29.68,8.1,-0.738000000000012,0.5446440000000177,10.896600999999954
0.10574,0.0,27.74,0,0.609,5.983,98.8,1.8681,4,711.0,20.1,390.11,18.07,13.6,-0.4769999999999932,0.22752899999999351,0.975156249999998
0.11132,0.0,27.74,0,0.609,5.983,83.5,2.1099,4,711.0,20.1,396.9,13.35,20.1,0.3440000000000225,0.11833600000001548,1.2465722500000125
0.17331,0.0,9.69,0,0.585,5.707,54.0,2.3817,6,391.0,19.2,396.9,12.01,21.8,0.4800000000000182,0.23040000000001745,0.4719689999999918
0.27957,0.0,9.69,0,0.585,5.926,42.6,2.3817,6,391.0,19.2,396.9,13.59,24.5,1.2000000000000028,1.4400000000000068,2.9877122500000626
0.17899,0.0,9.69,0,0.585,5.67,28.8,2.7986,6,391.0,19.2,393.29,17.6,23.1,1.6120000000000125,2.5985440000000404,5.9780250000000885
0.2896,0.0,9.69,0,0.585,5.39,72.9,2.7986,6,391.0,19.2,396.9,21.14,19.7,0.6669999999999732,0.44488899999996423,0.028560999999998962
0.26838,0.0,9.69,0,0.585,5.794,70.6,2.8927,6,391.0,19.2,396.9,14.1,18.3,-0.7039999999999758,0.49561599999996586,0.833568999999994
0.23912,0.0,9.69,0,0.585,6.019,65.3,2.4091,6,391.0,19.2,396.9,12.92,21.2,-0.10700000000001353,0.011449000000002894,1.7982809999999552
0.17783,0.0,9.69,0,0.585,5.569,73.5,2.3999,6,391.0,19.2,395.77,15.1,17.5,-0.6680000000000028,0.4462240000000038,0.15960025000001968
0.22438,0.0,9.69,0,0.585,6.027,79.7,2.4982,6,391.0,19.2,396.9,14.33,16.8,-1.187999999999981,1.411343999999955,4.4965202499999695
0.06263,0.0,11.93,0,0.573,6.593,69.1,2.4786,1,273.0,21.0,391.99,9.67,22.4,-0.6090000000000337,0.3708810000000411,0.15210000000001983
0.04527,0.0,11.93,0,0.573,6.12,76.7,2.2875,1,273.0,21.0,396.9,9.08,20.6,0.8450000000000237,0.7140250000000401,13.715912249999882
0.06076,0.0,11.93,0,0.573,6.976,91.0,2.1675,1,273.0,21.0,396.9,5.64,23.9,-1.7810000000000379,3.171961000000135,2.8173622500000346
0.10959,0.0,11.93,0,0.573,6.794,89.3,2.3889,1,273.0,21.0,393.45,6.48,22.0,-2.1620000000000026,4.674244000000011,5.621640999999977
0.04741,0.0,11.93,0,0.573,6.03,80.8,2.505,1,273.0,21.0,396.9,7.88,11.9,-2.942000000000016,8.655364000000095,34.945832249999896
