X,Y,month,day,FFMC,DMC,DC,ISI,temp,RH,wind,rain,target,Residual_signed,Residual,Residual_CV
7,5,3,6,86.2,26.2,94.3,5.1,8.2,51,6.7,0.0,0.0,-2.3386,5.46904996,3.079674010000004
7,4,10,3,90.6,35.4,669.1,6.7,18.0,33,0.9,0.0,0.0,-1.0732000000000002,1.1517582400000004,18.543789062500043
7,4,10,7,90.6,43.7,686.9,6.7,14.6,33,1.3,0.0,0.0,-3.2818,10.77021124,46.39448882250007
8,6,3,6,91.7,33.3,77.5,9.0,8.3,97,4.0,0.2,0.0,-1.9647999999999999,3.8604390399999997,2.7703938024999983
8,6,3,1,89.3,51.3,102.2,9.6,11.4,99,1.8,0.0,0.0,-1.4868999999999997,2.210871609999999,2.1471040899999982
8,6,8,1,92.3,85.3,488.0,14.7,22.2,29,5.4,0.0,0.0,-8.063899999999999,65.02648320999998,3.957314490000005
8,6,8,2,92.3,88.9,495.6,8.5,24.1,27,3.1,0.0,0.0,-1.1233,1.26180289,1.853273822500002
8,6,8,2,91.5,145.4,608.2,10.7,8.0,86,2.2,0.0,0.0,-1.4565000000000001,2.1213922500000004,3.120698902500001
8,6,9,3,91.0,129.5,692.6,7.0,13.1,63,5.4,0.0,0.0,-7.539200000000002,56.83953664000003,0.7600352400000004
7,5,9,7,92.5,88.0,698.6,7.1,22.8,40,4.0,0.0,0.0,-6.6358999999999995,44.035168809999995,2.6684856024999988
7,5,9,7,92.5,88.0,698.6,7.1,17.8,51,7.2,0.0,0.0,-4.035099999999999,16.28203200999999,7.269224822500009
7,5,9,7,92.8,73.2,713.0,22.6,19.3,38,4.0,0.0,0.0,-3.9986,15.988801960000002,1.9318220099999972
6,5,8,6,63.5,70.8,665.3,0.8,17.0,72,6.7,0.0,0.0,-2.986533333333333,8.91938135111111,16.660683062500027
6,5,9,2,90.9,126.5,686.5,7.0,21.3,42,2.2,0.0,0.0,-4.8674,23.69158276,1.0825362024999998
6,5,9,4,92.9,133.3,699.6,9.2,26.4,21,4.5,0.0,0.0,-17.3257,300.17988049,5.167438239999998
6,5,9,6,93.3,141.2,713.9,13.9,22.9,44,5.4,0.0,0.0,-6.262399999999999,39.21765375999998,0.8683444225000003
5,5,3,7,91.7,35.8,80.8,7.8,15.1,27,5.4,0.0,0.0,-3.3966999999999996,11.537570889999998,0.007770422499999999
8,5,10,2,84.9,32.8,664.2,3.0,16.7,47,4.9,0.0,0.0,-3.2365000000000004,10.474932250000002,2.195879422500002
6,4,3,4,89.2,27.9,70.8,6.3,15.9,35,4.0,0.0,0.0,-7.775300000000002,60.455290090000034,0.50154724
6,4,4,7,86.3,27.4,97.1,5.1,9.3,44,4.5,0.0,0.0,-1.0912,1.1907174399999998,2.4315724225
6,4,9,3,91.0,129.5,692.6,7.0,18.3,40,2.7,0.0,0.0,-15.429900000000002,238.08181401000004,1.4177664900000013
5,4,9,2,91.8,78.5,724.3,9.2,19.1,38,2.7,0.0,0.0,-0.2629,0.06911641000000002,9.61372035999999
7,4,6,1,94.3,96.3,200.0,56.1,21.0,44,4.5,0.0,0.0,-1.6146999999999998,2.6072560899999995,3.207143722499994
7,4,8,7,90.2,110.9,537.4,6.2,19.5,43,5.8,0.0,0.0,-4.6739999999999995,21.846275999999996,2.2199510025
7,4,8,7,93.5,139.4,594.2,20.3,23.7,32,5.8,0.0,0.0,-3.415466666666666,11.665412551111109,24.413975102500068
7,4,8,1,91.4,142.4,601.4,10.6,16.3,60,5.4,0.0,0.0,-5.3751999999999995,28.892775039999997,0.8637843600000013
7,4,9,6,92.4,117.9,668.0,12.2,19.0,34,5.8,0.0,0.0,-2.4370516666666653,5.939220826002771,2.11673401
7,4,9,2,90.9,126.5,686.5,7.0,19.4,48,1.3,0.0,0.0,-4.2494000000000005,18.057400360000003,1.0487808099999991
6,3,9,7,93.4,145.4,721.4,8.1,30.2,24,2.7,0.0,0.0,-0.43920000000000003,0.19289664000000004,3.8273053224999942
6,3,9,1,93.5,149.3,728.6,8.1,22.8,39,3.6,0.0,0.0,-11.2314,126.14434596000001,0.5026810000000003
6,3,9,6,94.3,85.1,692.3,15.9,25.4,24,3.6,0.0,0.0,-4.0182,16.145931240000003,0.84732025
6,3,9,2,88.6,91.8,709.9,7.1,11.2,78,7.6,0.0,0.0,-5.162400000000002,26.65037376000002,2.9632179599999993
6,3,9,6,88.6,69.7,706.8,5.8,20.6,37,1.8,0.0,0.0,-6.708800000000001,45.00799744000001,0.8609984100000001
6,3,9,1,91.7,75.6,718.3,7.8,17.7,39,3.6,0.0,0.0,-1.4819,2.19602761,1.3070205625000002
6,3,9,2,91.8,78.5,724.3,9.2,21.2,32,2.7,0.0,0.0,-0.5335,0.28462224999999997,1.3532668899999996
6,3,9,3,90.3,80.7,730.2,6.3,18.2,62,4.5,0.0,0.0,-3.6310000000000007,13.184161000000005,0.5490810000000002
6,3,10,3,90.6,35.4,669.1,6.7,21.7,24,4.5,0.0,0.0,-1.2928000000000004,1.671331840000001,73.81730889000015
7,4,10,6,90.0,41.5,682.6,8.7,11.3,60,5.4,0.0,0.0,-4.532699999999999,20.545369289999993,1.8899375625000017
7,3,10,7,90.6,43.7,686.9,6.7,17.8,27,4.0,0.0,0.0,-3.843100000000001,14.769417610000009,85.19566902250013
4,4,3,3,88.1,25.7,67.6,3.8,14.1,43,2.7,0.0,0.0,-0.45879999999999993,0.21049743999999992,0.21949225000000014
4,4,7,3,79.5,60.6,366.7,1.5,23.3,37,3.1,0.0,0.0,-6.929200000000001,48.01381264000001,20.373487690000033
4,4,8,7,90.2,96.9,624.2,8.9,18.4,42,6.7,0.0,0.0,-0.9248999999999999,0.8554400099999999,0.9689449224999992
4,4,8,3,94.8,108.3,647.1,17.0,16.6,54,5.4,0.0,0.0,-1.2826000000000002,1.6450627600000005,0.11669055999999997
4,4,9,7,92.5,88.0,698.6,7.1,19.6,48,2.7,0.0,0.0,-1.0624,1.12869376,0.0845937225
4,4,9,4,90.1,82.9,735.7,6.2,12.9,74,4.9,0.0,0.0,-2.5985,6.75220225,2.6143656099999966
5,6,9,4,94.3,85.1,692.3,15.9,25.9,24,4.0,0.0,0.0,-10.735433333333335,115.24952885444448,2.9837380225000008
5,6,9,2,90.9,126.5,686.5,7.0,14.7,70,3.6,0.0,0.0,-1.1911999999999998,1.4189574399999996,2.9341977025
6,6,7,2,94.2,62.3,442.9,11.0,23.0,36,3.1,0.0,0.0,-1.2762999999999998,1.6289416899999993,1.498910490000001
4,4,3,2,87.2,23.9,64.7,4.1,11.8,35,1.8,0.0,0.0,-1.3392000000000002,1.7934566400000005,1.0103265224999995
4,4,3,2,87.6,52.2,103.8,5.0,11.0,46,5.8,0.0,0.0,-5.124233333333334,26.25776725444445,0.18722928999999996
4,4,9,5,92.9,137.0,706.4,9.2,20.8,17,1.3,0.0,0.0,-6.648266666666667,44.19944967111112,10.8290355625
4,3,8,1,90.2,99.6,631.2,6.3,21.5,34,2.2,0.0,0.0,-0.9351,0.8744120100000001,0.7557694225000003
4,3,8,4,92.1,111.2,654.1,9.6,20.4,42,4.9,0.0,0.0,-0.39940000000000003,0.15952036000000003,9.548409002499985
4,3,8,4,92.1,111.2,654.1,9.6,20.4,42,4.9,0.0,0.0,-0.39940000000000003,0.15952036000000003,9.548409002499985
4,3,8,5,91.7,114.3,661.3,6.3,17.6,45,3.6,0.0,0.0,-0.7528999999999999,0.5668584099999998,0.31075050249999986
4,3,9,5,92.9,137.0,706.4,9.2,27.7,24,2.2,0.0,0.0,-2.6236,6.883276960000001,7.387795802499997
4,3,9,3,90.3,80.7,730.2,6.3,17.8,63,4.9,0.0,0.0,-1.5554999999999999,2.4195802499999997,0.3637899225000001
4,3,10,1,92.6,46.5,691.8,8.8,13.8,50,2.7,0.0,0.0,-1.3840000000000001,1.9154560000000003,0.07623121000000001
2,2,2,2,84.0,9.3,34.0,2.1,13.9,40,5.4,0.0,0.0,-1.5458000000000005,2.3894976400000014,1.3825056399999989
2,2,2,6,86.6,13.2,43.0,5.3,12.3,51,0.9,0.0,0.0,-3.8436000000000003,14.773260960000004,1.0458130225000006
2,2,3,1,89.3,51.3,102.2,9.6,11.5,39,5.8,0.0,0.0,-1.5028999999999997,2.2587084099999992,0.2627587599999999
2,2,3,1,89.3,51.3,102.2,9.6,5.5,59,6.3,0.0,0.0,-3.9805999999999995,15.845176359999996,0.3267837225
2,2,8,5,93.0,75.3,466.6,7.7,18.8,35,4.9,0.0,0.0,-3.2055000000000002,10.275230250000002,0.028713302499999996
2,2,8,1,90.2,99.6,631.2,6.3,20.8,33,2.7,0.0,0.0,-0.6769,0.4581936099999999,0.5371424099999998
2,2,8,2,91.1,103.2,638.8,5.8,23.1,31,3.1,0.0,0.0,-6.3138,39.86407043999999,0.7295722225000001
2,2,8,5,91.7,114.3,661.3,6.3,18.6,44,4.5,0.0,0.0,-0.6192000000000001,0.3834086400000001,0.056810722500000015
2,2,9,6,92.4,117.9,668.0,12.2,23.0,37,4.5,0.0,0.0,-3.160999999999999,9.991920999999994,6.354936810000012
2,2,9,6,92.4,117.9,668.0,12.2,19.6,33,5.4,0.0,0.0,-2.92195,8.5377918025,0.015612502500000002
2,2,9,6,92.4,117.9,668.0,12.2,19.6,33,6.3,0.0,0.0,-3.656866666666667,13.372673817777782,0.06786024999999997
4,5,3,6,91.7,33.3,77.5,9.0,17.2,26,4.5,0.0,0.0,-2.0117,4.04693689,0.026961639999999995
4,5,3,6,91.2,48.3,97.8,12.5,15.8,27,7.6,0.0,0.0,-1.5744999999999998,2.4790502499999993,1.1477908225000004
4,5,9,6,94.3,85.1,692.3,15.9,17.7,37,3.6,0.0,0.0,-4.881899999999999,23.83294760999999,1.2912913225000004
5,4,3,6,91.7,33.3,77.5,9.0,15.6,25,6.3,0.0,0.0,-0.9962000000000001,0.9924144400000001,1.0143511225000004
5,4,8,3,88.8,147.3,614.5,9.0,17.3,43,4.5,0.0,0.0,-1.8066000000000002,3.263803560000001,1.2388803025000008
5,4,9,6,93.3,141.2,713.9,13.9,27.6,30,1.3,0.0,0.0,-24.002500000000005,576.1200062500002,6.529302562499994
9,9,2,5,84.2,6.8,26.6,7.7,6.7,79,3.1,0.0,0.0,-6.7057,44.96641249,3.261636
9,9,2,6,86.6,13.2,43.0,5.3,15.7,43,3.1,0.0,0.0,-2.9598000000000013,8.760416040000008,0.9749587600000013
1,3,3,2,87.6,52.2,103.8,5.0,8.3,72,3.1,0.0,0.0,-4.8084,23.12071056,0.5494515624999993
1,2,8,6,90.1,108.0,529.8,12.5,14.7,66,2.7,0.0,0.0,-1.7796,3.1669761600000004,0.8695562499999991
1,2,8,3,91.0,121.2,561.6,7.0,21.6,19,6.7,0.0,0.0,-9.388916666666667,88.15175617361112,11.681356840000007
1,2,8,1,91.4,142.4,601.4,10.6,19.5,39,6.3,0.0,0.0,-10.561399999999999,111.54316995999999,2.138760002500003
1,2,8,1,90.2,99.6,631.2,6.3,17.9,44,2.2,0.0,0.0,-11.0694,122.53161636,2.2189081600000007
1,2,8,3,94.8,108.3,647.1,17.0,18.6,51,4.5,0.0,0.0,-3.8394666666666653,14.741504284444433,0.20579832249999994
1,2,8,4,92.1,111.2,654.1,9.6,16.6,47,0.9,0.0,0.0,-5.0474,25.476246759999995,0.5960612024999997
1,2,8,5,91.7,114.3,661.3,6.3,20.2,45,3.6,0.0,0.0,-1.1259000000000001,1.2676508100000003,1.487668090000001
1,2,9,5,92.9,137.0,706.4,9.2,21.5,15,0.9,0.0,0.0,-12.981900000000001,168.52972761000004,2.1151339225000005
1,2,9,5,92.9,137.0,706.4,9.2,25.4,27,2.2,0.0,0.0,-0.621,0.385641,6.468374889999993
1,2,9,5,92.9,137.0,706.4,9.2,22.4,34,2.2,0.0,0.0,-9.4659,89.60326280999999,2.0280608100000017
1,2,9,1,93.5,149.3,728.6,8.1,25.3,36,3.6,0.0,0.0,-16.1442,260.63519364000007,0.8054165025000005
6,5,3,7,91.7,35.8,80.8,7.8,17.4,25,4.9,0.0,0.0,-12.2355,149.70746025,3.5654880625
6,5,8,7,90.2,96.9,624.2,8.9,14.7,59,5.8,0.0,0.0,-1.8858000000000001,3.5562416400000005,0.4940684100000001
8,6,3,6,91.7,35.8,80.8,7.8,17.4,24,5.4,0.0,0.0,-3.5296000000000003,12.458076160000003,0.5763087224999999
8,6,8,1,92.3,85.3,488.0,14.7,20.8,32,6.3,0.0,0.0,-13.810599999999999,190.73267235999998,5.955552160000006
8,6,8,1,91.4,142.4,601.4,10.6,18.2,43,4.9,0.0,0.0,-19.1058,365.0315936399999,2.370676089999998
8,6,8,2,91.1,103.2,638.8,5.8,23.4,22,2.7,0.0,0.0,-8.4006,70.57008036,5.1977160225000105
4,4,9,1,89.7,90.0,704.4,4.8,17.8,64,1.3,0.0,0.0,-1.7657999999999996,3.1180496399999984,0.4520545225
3,4,2,7,83.9,8.0,30.2,2.6,12.7,48,1.8,0.0,0.0,-1.8600999999999999,3.4599720099999995,0.4523907599999995
3,4,3,7,69.0,2.4,15.5,0.7,17.4,24,5.4,0.0,0.0,-5.8943,34.74277249000001,9.813182760000014
3,4,8,1,91.4,142.4,601.4,10.6,11.6,87,4.5,0.0,0.0,-1.6114000000000004,2.596609960000001,0.6290076100000006
3,4,8,1,91.4,142.4,601.4,10.6,19.8,39,5.4,0.0,0.0,-2.1959999999999997,4.822415999999999,0.19307235999999992
3,4,8,1,91.4,142.4,601.4,10.6,19.8,39,5.4,0.0,0.0,-2.1959999999999997,4.822415999999999,0.09991921000000004
3,4,8,3,88.8,147.3,614.5,9.0,14.4,66,5.4,0.0,0.0,-0.6285000000000001,0.39501225000000006,0.3409976025000002
2,4,8,3,94.8,108.3,647.1,17.0,20.1,40,4.0,0.0,0.0,-0.8501999999999998,0.7228400399999997,1.0240428024999984
2,4,9,7,92.5,121.1,674.4,8.6,24.1,29,4.5,0.0,0.0,-22.513199999999998,506.8441742399999,1.9169787025000018
2,4,1,7,82.1,3.7,9.3,2.9,5.3,78,3.1,0.0,0.0,-3.2253999999999996,10.403205159999997,0.3346044024999995
4,5,3,6,85.9,19.5,57.3,2.8,12.7,52,6.3,0.0,0.0,-0.42029999999999995,0.17665208999999996,15.98840210249997
4,5,3,5,91.4,30.7,74.3,7.5,18.2,29,3.1,0.0,0.0,-6.1159,37.404232809999996,0.2993731224999999
4,5,8,1,90.2,99.6,631.2,6.3,21.4,33,3.1,0.0,0.0,-0.7864,0.61842496,0.3242733025
4,5,9,7,92.5,88.0,698.6,7.1,20.3,45,3.1,0.0,0.0,-0.8707,0.7581184900000001,0.18054000999999992
4,5,9,2,88.6,91.8,709.9,7.1,17.4,56,5.4,0.0,0.0,-1.9787999999999997,3.915649439999999,0.4160895024999996
4,4,3,6,85.9,19.5,57.3,2.8,13.7,43,5.8,0.0,0.0,-0.6792,0.46131264000000005,0.049284000000000015
3,4,3,6,91.7,33.3,77.5,9.0,18.8,18,4.5,0.0,0.0,-3.9697000000000005,15.758518090000004,0.21201420250000003
3,4,9,1,89.7,90.0,704.4,4.8,22.8,39,3.6,0.0,0.0,-1.8154,3.2956771599999994,1.1234940024999993
3,4,9,2,91.8,78.5,724.3,9.2,18.9,35,2.7,0.0,0.0,-3.0023999999999997,9.014405759999999,0.43870752249999956
3,4,3,3,88.1,25.7,67.6,3.8,15.8,27,7.6,0.0,0.0,-1.61038,2.5933237443999997,0.17472399999999993
3,5,3,3,88.1,25.7,67.6,3.8,15.5,27,6.3,0.0,0.0,-1.3188,1.73923344,0.00762129
3,4,3,7,91.7,35.8,80.8,7.8,11.6,30,6.3,0.0,0.0,-2.2203999999999997,4.9301761599999985,0.05004168999999999
3,4,3,7,91.7,35.8,80.8,7.8,15.2,27,4.9,0.0,0.0,-6.0825,36.99680624999999,0.00330625
3,4,3,2,90.1,39.7,86.6,6.2,10.6,30,4.0,0.0,0.0,-3.1433000000000004,9.880334890000002,0.046160522500000016
3,4,8,5,93.0,75.3,466.6,7.7,19.6,36,3.1,0.0,0.0,-0.19380000000000003,0.03755844000000001,6.7070640399999855
3,4,8,2,91.5,145.4,608.2,10.7,10.3,74,2.2,0.0,0.0,-0.8107000000000001,0.6572344900000001,0.32404556250000005
3,4,8,2,91.5,145.4,608.2,10.7,17.1,43,5.4,0.0,0.0,-1.1925,1.4220562499999998,0.12559936
3,4,9,1,92.4,124.1,680.7,8.5,22.5,42,5.4,0.0,0.0,-1.7926,3.21341476,1.6571412899999998
3,4,9,3,84.4,73.4,671.9,3.2,17.9,45,3.1,0.0,0.0,-0.5134,0.26357956,0.37632090249999994
3,4,9,6,94.3,85.1,692.3,15.9,19.8,50,5.4,0.0,0.0,-3.5746999999999995,12.778480089999997,0.032076810000000004
3,4,10,1,92.6,46.5,691.8,8.8,20.6,24,5.4,0.0,0.0,-2.2444333333333333,5.037480987777777,101.77984996000018
3,5,3,2,87.6,52.2,103.8,5.0,9.0,49,2.2,0.0,0.0,-2.28,5.1983999999999995,0.008901922500000001
3,5,9,6,93.5,149.3,728.6,8.1,17.2,43,3.1,0.0,0.0,-3.0891999999999995,9.543156639999998,0.7765134400000008
3,5,10,4,91.4,37.9,673.8,5.2,15.9,46,3.6,0.0,0.0,-2.403,5.774409,1.3346025624999998
2,5,10,1,92.6,46.5,691.8,8.8,15.4,35,0.9,0.0,0.0,-2.246633333333333,5.047361334444443,2.393827839999999
4,6,2,7,68.2,21.5,87.2,0.8,15.4,40,2.7,0.0,0.0,-1.1052,1.2214670399999998,3.34341225
4,6,3,2,87.2,23.9,64.7,4.1,14.0,39,3.1,0.0,0.0,-0.8562000000000001,0.7330784400000001,0.09302500000000002
4,6,3,1,89.3,51.3,102.2,9.6,10.6,46,4.9,0.0,0.0,-1.1386999999999998,1.2966376899999996,1.1491840000000002
4,6,9,5,93.7,80.9,685.2,17.9,17.6,42,3.1,0.0,0.0,-1.1609,1.3476888100000002,0.43731769000000015
3,5,3,3,88.1,25.7,67.6,3.8,14.9,38,2.7,0.0,0.0,-0.5217999999999999,0.2722752399999999,0.10026722250000006
3,5,8,7,93.5,139.4,594.2,20.3,17.6,52,5.8,0.0,0.0,-4.2653,18.19278409,0.19554083999999994
3,6,9,1,92.4,124.1,680.7,8.5,17.2,58,1.3,0.0,0.0,-6.8820000000000014,47.36192400000002,0.38186220249999986
3,6,9,2,90.9,126.5,686.5,7.0,15.6,66,3.1,0.0,0.0,-1.0513000000000001,1.1052316900000003,4.13064976
9,9,7,3,85.8,48.3,313.4,3.9,18.0,42,2.7,0.0,0.36,-7.745500000000011,59.99277025000018,0.29724304
1,4,9,3,91.0,129.5,692.6,7.0,21.7,38,2.2,0.0,0.43,-11.925899999999986,142.22709080999968,6.112267290000001
2,5,9,2,90.9,126.5,686.5,7.0,21.9,39,1.8,0.0,0.47,-4.97480000000001,24.7486350400001,5.540139062499999
1,2,8,4,95.5,99.9,513.3,13.2,23.3,31,4.5,0.0,0.55,-0.784533333333332,0.615492551111109,9.405568922499997
8,6,8,6,90.1,108.0,529.8,12.5,21.2,51,8.9,0.0,0.61,-13.257099999999992,175.7507004099998,1.9200259225
1,2,7,7,90.0,51.3,296.3,8.7,16.6,53,5.4,0.0,0.71,-10.120400000000014,102.42249616000029,0.7367647225000007
2,5,8,4,95.5,99.9,513.3,13.2,23.8,32,5.4,0.0,0.77,-0.8800500000000024,0.7744880025000043,2.356532010000001
6,5,8,5,95.2,131.7,578.8,10.4,27.4,22,4.0,0.0,0.9,-14.136699999999994,199.84628688999985,0.04334724000000011
5,4,3,2,90.1,39.7,86.6,6.2,13.2,40,5.4,0.0,0.95,-0.5951,0.35414400999999995,0.12065202249999987
8,3,9,3,84.4,73.4,671.9,3.2,24.2,28,3.6,0.0,0.96,-12.610300000000016,159.0196660900004,0.3844000000000021
2,2,8,3,94.8,108.3,647.1,17.0,17.4,43,6.7,0.0,1.07,-0.7823999999999975,0.6121497599999961,0.5150932900000004
8,6,9,5,93.7,80.9,685.2,17.9,23.7,25,4.5,0.0,1.12,-4.38146666666667,19.197250151111138,0.07570752250000012
6,5,6,6,92.5,56.4,433.3,7.1,23.2,39,5.4,0.0,1.19,-1.8549999999999982,3.4410249999999936,0.05343032250000019
9,9,7,1,90.1,68.6,355.2,7.2,24.8,29,2.2,0.0,1.36,-6.697400000000008,44.85516676000011,0.008854809999999972
3,4,7,7,90.1,51.2,424.1,6.2,24.6,43,1.8,0.0,1.43,-14.021000000000015,196.58844100000042,0.11360270250000035
5,4,9,6,94.3,85.1,692.3,15.9,20.1,47,4.9,0.0,1.46,-3.489899999999996,12.179402009999972,0.9579515625
1,5,9,7,93.4,145.4,721.4,8.1,29.6,27,2.7,0.0,1.46,-6.224200000000003,38.74066564000004,0.6831849025000016
7,4,8,1,94.8,108.3,647.1,17.0,16.4,47,1.3,0.0,1.56,-2.328100000000001,5.420049610000005,0.24191642250000056
2,4,9,7,93.4,145.4,721.4,8.1,28.6,27,2.2,0.0,1.61,-0.11660000000000292,0.013595560000000681,23.48468521
2,2,8,4,92.1,111.2,654.1,9.6,18.4,45,3.6,0.0,1.63,0.46590000000000087,0.2170628100000008,3.9233705624999913
2,4,8,4,92.1,111.2,654.1,9.6,20.5,35,4.0,0.0,1.64,0.34060000000000024,0.11600836000000016,12.050965102499987
7,4,9,6,92.4,117.9,668.0,12.2,19.0,34,5.8,0.0,1.69,-0.7470516666666653,0.5580861926694425,1.4578147599999995
7,4,3,2,90.1,39.7,86.6,6.2,16.1,29,3.1,0.0,1.75,-5.8046999999999995,33.69454208999999,1.3720608224999997
6,4,8,5,95.2,131.7,578.8,10.4,20.3,41,4.0,0.0,1.9,-1.8996999999999917,3.6088600899999688,0.2128438224999991
6,3,3,7,90.6,50.1,100.4,7.8,15.2,31,8.5,0.0,1.94,-2.080299999999999,4.327648089999996,0.07781310250000038
8,6,9,7,92.5,121.1,674.4,8.6,17.8,56,1.8,0.0,1.95,-23.243133333333255,540.2432471511074,0.17351390249999887
8,5,9,1,89.7,90.0,704.4,4.8,17.8,67,2.2,0.0,2.01,-3.903399999999995,15.236531559999962,1.6345622500000005
6,5,3,5,84.9,18.2,55.0,3.0,5.3,70,4.5,0.0,2.14,-0.575199999999993,0.330855039999992,0.002611210000000219
6,5,8,4,92.1,111.2,654.1,9.6,16.6,47,0.9,0.0,2.29,0.4174000000000002,0.17422276000000017,4.50458176
6,5,8,4,96.0,127.1,570.5,16.5,23.4,33,4.5,0.0,2.51,-0.25943333333333163,0.06730565444444356,20.37439044
6,5,3,6,91.2,48.3,97.8,12.5,14.6,26,9.4,0.0,2.53,-5.4467999999999925,29.66763023999992,0.33738672249999935
8,6,8,5,95.2,131.7,578.8,10.4,20.7,45,2.2,0.0,2.55,-1.7070000000000025,2.913849000000009,0.8891547024999995
5,4,9,4,92.9,133.3,699.6,9.2,21.9,35,1.8,0.0,2.57,-6.308900000000012,39.80221921000015,2.0037818025
8,6,8,4,85.6,90.4,609.6,6.6,17.4,50,4.0,0.0,2.69,-1.0941999999999985,1.1972736399999968,3.5883724899999994
7,4,8,1,91.4,142.4,601.4,10.6,20.1,39,5.4,0.0,2.74,-9.046200000000006,81.83373444000011,2.8789605625
4,4,9,2,90.9,126.5,686.5,7.0,17.7,39,2.2,0.0,3.07,-2.6585000000000023,7.067622250000012,8.449195562499998
1,4,8,7,90.2,96.9,624.2,8.9,14.2,53,1.8,0.0,3.5,0.2873999999999999,0.08259875999999992,7.398944010000007
1,4,8,7,90.2,96.9,624.2,8.9,20.3,39,4.9,0.0,4.53,-0.16109999999999047,0.02595320999999693,1.7935905625000126
6,5,4,5,81.5,9.1,55.2,2.7,5.8,54,5.8,0.0,4.61,-3.1306533333333295,9.800990293511088,14.087636222500004
2,5,8,1,90.2,99.6,631.2,6.3,19.2,44,2.7,0.0,4.69,1.3203000000000018,1.7431920900000049,48.210803559999945
2,5,9,4,90.1,82.9,735.7,6.2,18.3,45,2.2,0.0,4.88,0.045600000000001195,0.002079360000000109,0.11658810249999456
8,6,8,3,88.8,147.3,614.5,9.0,14.4,66,5.4,0.0,5.23,1.6444999999999985,2.704380249999995,40.17658225000013
1,3,9,1,92.4,124.1,680.7,8.5,23.9,32,6.7,0.0,5.33,-2.8484000000000105,8.11338256000006,3.9439974024999995
8,6,10,2,84.9,32.8,664.2,3.0,19.1,32,4.0,0.0,5.44,-1.1547000000000063,1.3333320900000145,15.489734490000005
5,4,2,1,86.8,15.6,48.3,3.9,12.4,53,2.2,0.0,6.38,-1.1859999999999955,1.4065959999999893,34.650882249999995
7,4,10,2,91.7,48.5,696.1,11.1,16.8,45,4.5,0.0,6.83,-9.185999999999977,84.38259599999958,24.97300729
8,6,8,6,93.9,135.7,586.7,15.1,20.8,34,4.9,0.0,6.96,-3.151400000000007,9.931321960000043,36.709057439999995
2,5,9,3,91.0,129.5,692.6,7.0,17.6,46,3.1,0.0,7.04,-0.4298999999999982,0.18481400999999842,37.080792360000004
8,6,3,1,89.3,51.3,102.2,9.6,11.5,39,5.8,0.0,7.19,-4.871600000000023,23.732486560000225,46.8464958025
1,5,9,2,90.9,126.5,686.5,7.0,21.0,42,2.2,0.0,7.3,-7.27639999999998,52.94599695999971,35.42094740249998
6,4,3,7,90.8,41.9,89.4,7.9,13.3,42,0.9,0.0,7.4,1.4559000000000077,2.1196448100000227,47.06920448999973
7,4,3,1,90.7,44.0,92.4,5.5,11.5,60,4.0,0.0,8.24,0.13919999999999355,0.019376639999998203,3.194262562499998
6,5,3,6,91.2,48.3,97.8,12.5,11.7,33,4.0,0.0,8.31,0.3556000000000106,0.1264513600000075,7.909312522500022
2,5,8,5,95.2,131.7,578.8,10.4,24.2,28,2.7,0.0,8.68,1.4275166666666728,2.0378038336111284,9.649720960000082
2,2,8,3,94.8,108.3,647.1,17.0,24.6,22,4.5,0.0,8.71,-0.04351666666666887,0.0018937002777779694,21.339318302500036
4,5,9,4,92.9,133.3,699.6,9.2,24.3,25,4.0,0.0,9.41,-3.2665999999999986,10.67067555999999,68.29369599999998
2,2,8,3,94.8,108.3,647.1,17.0,24.6,22,4.5,0.0,10.01,1.25648333333333,1.5787503669444363,28.876114322499767
2,5,8,6,93.9,135.7,586.7,15.1,23.5,36,5.4,0.0,10.02,2.6185000000000045,6.8565422500000235,2.9740727024999596
6,5,4,5,81.5,9.1,55.2,2.7,5.8,54,5.8,0.0,10.93,3.18934666666667,10.171932160177798,256.79581752249993
4,5,9,5,92.9,137.0,706.4,9.2,21.5,15,0.9,0.0,11.06,-2.7689999999999806,7.667360999999892,77.86650563999999
3,4,9,3,91.0,129.5,692.6,7.0,13.9,59,6.3,0.0,11.24,2.674299999999997,7.151880489999984,4.192665760000011
2,4,9,2,63.5,70.8,665.3,0.8,22.6,38,3.6,0.0,11.32,-3.379100000000003,11.41831681000002,104.86886430250001
1,5,9,3,91.0,129.5,692.6,7.0,21.6,33,2.2,0.0,11.53,-0.9892999999999859,0.978714489999972,90.26520063999996
6,5,3,1,90.1,37.6,83.7,7.2,12.4,54,3.6,0.0,12.1,2.385699999999991,5.691564489999958,2.2758739599999287
7,4,2,1,83.9,8.7,32.1,2.1,8.8,68,2.2,0.0,13.05,1.1837000000000124,1.4011456900000294,1.1761402499999967
8,6,10,4,91.4,37.9,673.8,5.2,20.2,37,2.7,0.0,13.7,1.9917999999999871,3.967267239999949,2.897314622500041
5,6,3,7,90.6,50.1,100.4,7.8,15.1,64,4.0,0.0,13.99,2.4844999999999935,6.1727402499999675,9.506430562499975
4,5,9,5,92.9,137.0,706.4,9.2,22.1,34,1.8,0.0,14.57,4.2069999999999865,17.698848999999885,66.79629440999975
2,2,8,7,93.5,139.4,594.2,20.3,22.9,31,7.2,0.0,15.45,-8.66020000000001,74.99906404000018,185.23754403999996
7,5,9,3,91.0,129.5,692.6,7.0,20.7,37,2.2,0.0,17.2,4.830499999999988,23.333730249999885,47.16324300250002
6,5,9,6,92.4,117.9,668.0,12.2,19.6,33,6.3,0.0,19.23,5.246666666666657,27.52751111111101,0.4966725624999809
8,3,9,5,93.7,80.9,685.2,17.9,23.2,26,4.9,0.0,23.41,9.014133333333328,81.25459975111102,17.22914064000015
4,4,10,7,90.6,43.7,686.9,6.7,18.4,25,3.1,0.0,24.23,-2.552900000000008,6.517298410000041,585.4391572225001
7,4,8,7,93.5,139.4,594.2,20.3,5.1,96,5.8,0.0,26.0,7.185693333333333,51.634188680711105,51.53875890250046
7,4,9,6,94.3,85.1,692.3,15.9,20.1,47,4.9,0.0,26.13,7.407599999999967,54.8725377599995,0.016218022500009012
7,3,3,2,87.6,52.2,103.8,5.0,11.0,46,5.8,0.0,27.35,2.9876000000000396,8.925753760000237,248.17906369000067
4,4,3,7,91.7,35.8,80.8,7.8,17.0,27,4.9,0.0,28.66,4.1867999999999945,17.529294239999953,7.684261202500218
4,4,3,7,91.7,35.8,80.8,7.8,17.0,27,4.9,0.0,28.66,4.1867999999999945,17.529294239999953,7.838880040000205
4,4,9,1,92.4,124.1,680.7,8.5,16.9,60,1.3,0.0,29.48,8.636999999999993,74.59776899999989,2.3910436899999628
1,3,9,2,88.6,91.8,709.9,7.1,12.4,73,6.3,0.0,30.32,9.856600000000007,97.15256356000015,63.07218724000103
4,5,9,4,92.9,133.3,699.6,9.2,19.4,19,1.3,0.0,31.72,6.813600000000008,46.42514496000011,102.4174360224994
6,5,3,2,90.1,39.7,86.6,6.2,15.2,27,3.1,0.0,31.86,11.563600000000022,133.71684496000051,121.68737343999933
8,6,8,1,90.2,99.6,631.2,6.3,16.2,59,3.1,0.0,32.07,7.482799999999994,55.99229583999991,13.968532502500127
3,4,9,6,93.3,141.2,713.9,13.9,18.6,49,3.6,0.0,35.88,10.288599999999963,105.85528995999924,6.059720722500064
4,3,3,2,87.6,52.2,103.8,5.0,11.0,46,5.8,0.0,36.85,13.574400000000029,184.26433536000079,127.23952800249894
2,2,7,6,88.3,150.3,309.9,6.8,13.4,79,3.6,0.0,37.02,5.688100000000006,32.354481610000065,129.66946256250029
7,4,9,4,90.1,82.9,735.7,6.2,15.4,57,4.5,0.0,37.71,11.710199999999986,137.1287840399997,1.6889601600000874
4,4,9,1,93.5,149.3,728.6,8.1,22.9,39,4.9,0.0,48.55,17.227499999999978,296.78675624999926,375.0826257025052
7,5,10,2,91.7,48.5,696.1,11.1,16.1,44,4.0,0.0,49.37,16.098066666666718,259.14775040444607,108.44723044000078
8,6,8,7,92.2,81.8,480.8,11.9,20.1,34,4.5,0.0,58.3,9.051699999999926,81.93327288999865,859.9057732225002
4,6,9,1,93.5,149.3,728.6,8.1,28.3,26,3.1,0.0,64.1,13.227499999999992,174.96675624999978,146.69691042249838
8,6,8,7,92.2,81.8,480.8,11.9,16.4,43,4.0,0.0,71.3,15.925199999999926,253.61199503999762,533.579970422502
4,4,9,4,92.9,133.3,699.6,9.2,26.4,21,4.5,0.0,88.49,29.846800000000087,890.8314702400052,3.1444155624998644
1,5,9,1,93.5,149.3,728.6,8.1,27.8,27,3.1,0.0,95.18,25.446499999999943,647.5243622499971,184.7778048899996
6,4,9,3,91.0,129.5,692.6,7.0,18.7,43,2.7,0.0,103.39,35.02189999999993,1226.533479609995,0.4221750624999412
9,4,9,3,84.4,73.4,671.9,3.2,24.3,36,3.1,0.0,105.66,32.534900000000064,1058.5197180100042,71.22262842250056
4,5,9,7,92.5,121.1,674.4,8.6,17.7,25,3.1,0.0,154.88,45.86253333333343,2103.37196375112,270.23907710249273
8,6,8,1,91.4,142.4,601.4,10.6,19.6,41,5.8,0.0,196.48,64.3108000000002,4135.878996640025,150.45843582249327
2,2,9,7,92.5,121.1,674.4,8.6,18.2,46,1.8,0.0,200.94,53.69419999999997,2883.0671136399965,547.421948702499
1,2,9,3,91.0,129.5,692.6,7.0,18.8,40,2.2,0.0,212.88,55.0710000000002,3032.8150410000217,595.3160808100099
6,5,9,7,92.5,121.1,674.4,8.6,25.1,27,4.0,0.0,1090.84,371.5667000000011,138061.81254889083,377208.8424328905
7,5,4,1,81.9,3.0,7.9,3.5,13.4,75,1.8,0.0,0.0,-4.3325,18.770556249999995,4.52285289
6,3,4,4,88.0,17.2,43.5,3.8,15.2,51,2.7,0.0,0.0,-2.8536,8.143032960000001,1.5505230399999996
4,4,4,6,83.0,23.3,85.3,2.3,16.7,20,3.1,0.0,0.0,-3.5685000000000002,12.734192250000001,1.8000247225000006
2,4,8,1,94.2,122.3,589.9,12.9,15.4,66,4.0,0.0,10.13,1.7384000000000022,3.0220345600000074,0.3586213224999985
7,4,8,1,91.8,175.1,700.7,13.8,21.9,73,7.6,1.0,0.0,-10.513100000000001,110.52527161000003,2.3688288100000023
2,4,8,1,91.8,175.1,700.7,13.8,22.4,54,7.6,0.0,2.87,-1.1307000000000027,1.278482490000006,0.63138916
3,4,8,1,91.8,175.1,700.7,13.8,26.8,38,6.3,0.0,0.76,-13.977599999999992,195.37330175999978,2.1469575625
5,4,8,1,91.8,175.1,700.7,13.8,25.7,39,5.4,0.0,0.09,-9.614800000000015,92.44437904000029,0.8915136399999997
2,4,8,4,92.2,91.6,503.6,9.6,20.7,70,2.2,0.0,0.75,-4.939566666666666,24.399318854444438,0.0017388899999999873
8,6,8,4,93.1,157.3,666.7,13.5,28.7,28,2.7,0.0,0.0,-0.48350000000000004,0.23377225000000004,1.9900744900000034
3,4,8,4,93.1,157.3,666.7,13.5,21.7,40,0.4,0.0,2.47,-0.030799999999999272,0.0009486399999999552,6.171001222499982
8,5,8,4,93.1,157.3,666.7,13.5,26.8,25,3.1,0.0,0.68,-7.564499999999999,57.221660249999985,0.0004928400000000098
8,5,8,4,93.1,157.3,666.7,13.5,24.0,36,3.1,0.0,0.24,-2.3132000000000046,5.350894240000021,0.5425795600000011
6,5,8,4,93.1,157.3,666.7,13.5,22.1,37,3.6,0.0,0.21,-1.2354999999999983,1.5264602499999957,0.4213957225000001
7,4,8,5,91.9,109.2,565.5,8.0,21.4,38,2.7,0.0,1.52,-0.7302000000000013,0.5331920400000019,0.23367555999999984
6,3,8,5,91.6,138.1,621.7,6.3,18.9,41,3.1,0.0,10.34,-4.576099999999988,20.940691209999887,93.29048569
2,5,8,5,87.5,77.0,694.8,5.0,22.3,46,4.0,0.0,0.0,-4.404099999999999,19.39609680999999,2.5641616899999975
8,6,8,7,94.2,117.2,581.1,11.0,23.9,41,2.2,0.0,8.02,-7.196099999999989,51.78385520999984,43.32469862249998
4,3,8,7,94.2,117.2,581.1,11.0,21.4,44,2.7,0.0,0.68,-2.4226000000000036,5.868990760000018,0.9317075625000005
3,4,8,7,91.8,170.9,692.3,13.7,20.6,59,0.9,0.0,0.0,-2.7626,7.63195876,1.4680957224999993
7,4,8,7,91.8,170.9,692.3,13.7,23.7,40,1.8,0.0,1.38,-2.507299999999998,6.286553289999991,0.17338896000000026
2,4,8,2,93.6,97.9,542.0,14.4,28.3,32,4.0,0.0,8.85,1.9379999999999926,3.7558439999999713,21.049285202500027
3,4,8,6,91.6,112.4,573.0,8.9,11.2,84,7.6,0.0,3.3,-0.14750000000000307,0.021756250000000907,1.394288639999995
2,4,8,6,91.6,112.4,573.0,8.9,21.4,42,3.1,0.0,4.25,0.7505999999999999,0.5634003599999999,6.356449439999979
6,3,8,6,91.1,141.1,629.1,7.1,19.3,39,3.6,0.0,1.56,-3.1877000000000018,10.161431290000012,0.289982249999999
4,4,8,6,94.3,167.6,684.4,13.0,21.8,53,3.1,0.0,6.54,0.7163999999999984,0.5132289599999976,1.1432955624999968
4,4,8,3,93.7,102.2,550.3,14.6,22.1,54,7.6,0.0,0.79,-2.4928,6.21405184,1.7881038400000064
6,5,8,3,94.3,131.7,607.1,22.7,19.4,55,4.0,0.0,0.17,-2.120999999999999,4.498640999999997,2.7429984399999996
2,2,8,3,92.1,152.6,658.2,14.3,23.7,24,3.1,0.0,0.0,-1.3091999999999997,1.7140046399999993,2.1010502500000006
3,4,8,3,92.1,152.6,658.2,14.3,21.0,32,3.1,0.0,0.0,-1.2164,1.4796289599999999,1.8866396025000014
4,4,8,3,92.1,152.6,658.2,14.3,19.1,53,2.7,0.0,4.4,0.1544000000000061,0.02383936000000188,0.6119932900000025
2,2,8,3,92.1,152.6,658.2,14.3,21.8,56,3.1,0.0,0.52,-3.3017999999999947,10.901883239999965,0.02596932250000004
8,6,8,3,92.1,152.6,658.2,14.3,20.1,58,4.5,0.0,9.27,0.9842000000000048,0.9686496400000095,9.344026239999994
2,5,8,3,92.1,152.6,658.2,14.3,20.2,47,4.0,0.0,3.09,0.09030000000000138,0.008154090000000249,0.3611409024999916
4,6,12,1,84.4,27.2,353.5,6.8,4.8,57,8.5,0.0,8.98,-2.5305366666666753,6.403615821344488,0.0204919224999945
8,6,12,4,84.0,27.8,354.6,5.3,5.1,61,8.0,0.0,11.19,-3.367500000000023,11.340056250000154,19.974642489999876
4,6,12,5,84.6,26.4,352.0,2.0,5.1,61,4.9,0.0,5.38,-1.1585999999999972,1.3423539599999934,5.312794502500081
4,4,12,2,85.4,25.4,349.7,2.6,4.6,21,8.5,0.0,17.85,1.4680766666666685,2.1552490992111166,52.64155470250007
3,4,12,2,85.4,25.4,349.7,2.6,4.6,21,8.5,0.0,10.73,-1.8179400000000143,3.3049058436000522,3.4944694225000026
4,4,12,2,85.4,25.4,349.7,2.6,4.6,21,8.5,0.0,22.03,5.648076666666668,31.90077003254446,43.29179412250067
4,4,12,2,85.4,25.4,349.7,2.6,4.6,21,8.5,0.0,9.77,-6.611923333333333,43.717530165877776,0.007974490000003756
4,6,12,6,84.7,26.7,352.6,4.1,2.2,59,4.9,0.0,9.27,1.06323333333334,1.1304651211111252,4.347850522499965
6,5,12,3,85.4,25.4,349.7,2.6,5.1,24,8.5,0.0,24.77,4.835083333333337,23.378030840277813,12.682145439999946
6,3,2,1,84.9,27.5,353.5,3.4,4.2,51,4.0,0.0,0.0,-3.9157999999999986,15.33348963999999,17.415598240000033
3,4,2,4,86.9,6.6,18.7,3.2,8.8,35,3.1,0.0,1.1,-0.855066666666664,0.7311390044444398,0.10890000000000048
5,4,2,6,85.2,4.9,15.8,6.3,7.5,46,8.0,0.0,24.24,7.8714999999999975,61.96051224999996,44.54561306250015
2,5,7,1,93.9,169.7,411.8,12.3,23.4,40,6.3,0.0,0.0,-3.6830000000000003,13.564489000000002,8.224850410000009
7,6,7,4,91.2,183.1,437.7,12.5,12.6,90,7.6,0.2,0.0,-8.256099999999998,68.16318720999998,16.32887281000004
7,4,7,7,91.6,104.2,474.9,9.0,22.1,49,2.7,0.0,0.0,-0.23809999999999998,0.05669160999999999,10.019124089999988
7,4,7,7,91.6,104.2,474.9,9.0,24.2,32,1.8,0.0,0.0,-2.2505,5.06475025,1.1065988025000009
7,4,7,7,91.6,104.2,474.9,9.0,24.3,30,1.8,0.0,0.0,-4.013,16.104169,2.5740993599999986
2,5,7,7,91.6,104.2,474.9,9.0,18.7,53,1.8,0.0,0.0,-2.9574000000000003,8.74621476,0.3089692225000001
9,4,7,7,91.6,104.2,474.9,9.0,25.3,39,0.9,0.0,8.0,-39.2975,1544.29350625,24.08551929
4,5,7,6,91.6,100.2,466.3,6.3,22.9,40,1.3,0.0,2.64,-0.16659999999999453,0.027755559999998177,5.241123422499976
7,6,7,3,93.1,180.4,430.8,11.0,26.9,28,5.4,0.0,86.45,18.097000000000065,327.50140900000235,920.5975198224986
8,6,7,3,92.3,88.8,440.9,8.5,17.1,67,3.6,0.0,6.57,0.20749999999999602,0.043056249999998346,1.9362722500000042
7,5,6,1,93.1,180.4,430.8,11.0,22.2,48,1.3,0.0,0.0,-2.2556999999999996,5.088182489999999,3.684672202500001
6,4,6,1,90.4,89.5,290.8,6.4,14.3,46,1.8,0.0,0.9,-3.2643999999999935,10.656307359999957,0.24965012250000004
8,6,6,1,90.4,89.5,290.8,6.4,15.4,45,2.2,0.0,0.0,-4.899799999999999,24.00804003999999,1.3335630400000011
8,6,6,4,91.2,147.8,377.2,12.7,19.6,43,4.9,0.0,0.0,-14.167300000000001,200.71238929000003,0.9002214400000008
6,5,6,7,53.4,71.0,233.8,0.4,10.6,90,2.7,0.0,0.0,-2.8421999999999996,8.078100839999998,5.541551402499998
6,5,6,2,90.4,93.3,298.1,7.5,20.7,25,4.9,0.0,0.0,-1.2992000000000001,1.6879206400000004,2.1742977025
6,5,6,2,90.4,93.3,298.1,7.5,19.1,39,5.4,0.0,3.52,0.896449999999998,0.8036226024999964,12.627717602500026
3,6,6,6,91.1,94.1,232.1,7.1,19.2,38,4.5,0.0,0.0,-0.48340000000000005,0.23367556000000006,0.008037122500000004
3,6,6,6,91.1,94.1,232.1,7.1,19.2,38,4.5,0.0,0.0,-0.48340000000000005,0.23367556000000006,0.1930284224999999
6,5,5,7,85.1,28.0,113.8,3.5,11.3,94,4.9,0.0,0.0,-2.6520000000000006,7.033104000000003,0.16297368999999992
1,4,9,1,89.6,84.1,714.3,5.7,19.0,52,2.2,0.0,0.0,-7.253900000000001,52.61906521000001,3.8757796899999986
7,4,9,1,89.6,84.1,714.3,5.7,17.1,53,5.4,0.0,0.41,-2.3264000000000014,5.412136960000006,0.7352205025
3,4,9,1,89.6,84.1,714.3,5.7,23.8,35,3.6,0.0,5.18,-0.1661999999999999,0.027622439999999967,2.495136160000006
2,4,9,1,92.4,105.8,758.1,9.9,16.0,45,1.8,0.0,0.0,-1.861833333333333,3.4664233611111097,3.2125185225000004
2,4,9,1,92.4,105.8,758.1,9.9,24.9,27,2.2,0.0,0.0,-3.526066666666668,12.433146137777786,2.5255566400000014
7,4,9,1,92.4,105.8,758.1,9.9,25.3,27,2.7,0.0,0.0,-10.41796666666667,108.53402946777786,0.2987715600000001
6,3,9,1,92.4,105.8,758.1,9.9,24.8,28,1.8,0.0,14.29,2.6137666666666757,6.831776187777825,0.12285024999999519
2,4,9,1,50.4,46.2,706.6,0.4,12.2,78,6.3,0.0,0.0,-5.160299999999999,26.628696089999995,17.06309556250002
6,5,9,4,92.6,115.4,777.1,8.8,24.3,27,4.9,0.0,0.0,-6.750566666666664,45.57015032111108,7.220237702499996
4,4,9,4,92.6,115.4,777.1,8.8,19.7,41,1.8,0.0,1.58,-0.6869000000000014,0.4718316100000019,0.002667722500000181
3,4,9,4,91.2,134.7,817.5,7.2,18.5,30,2.7,0.0,0.0,-3.2047000000000003,10.270102090000002,11.216135902499985
4,5,9,5,92.4,96.2,739.4,8.6,18.6,24,5.8,0.0,0.0,-2.143066666666667,4.5927347377777785,5.575737689999998
4,4,9,5,92.4,96.2,739.4,8.6,19.2,24,4.9,0.0,3.78,0.9431000000000012,0.8894376100000022,62.15587920999984
6,5,9,5,92.8,119.0,783.5,7.5,21.6,27,2.2,0.0,0.0,-2.6527000000000003,7.036817290000002,11.467704959999994
5,4,9,5,92.8,119.0,783.5,7.5,21.6,28,6.3,0.0,4.41,-2.9100809523809517,8.468571149410426,5.417721760000008
6,3,9,5,92.8,119.0,783.5,7.5,18.9,34,7.2,0.0,34.36,11.75723333333335,138.23253565444483,8.50130649000013
1,4,9,5,92.8,119.0,783.5,7.5,16.8,28,4.0,0.0,7.21,-1.683700000000008,2.834845690000027,32.023715102500006
6,5,9,5,92.8,119.0,783.5,7.5,16.8,28,4.0,0.0,1.01,-1.5041999999999967,2.26261763999999,5.734109160000003
3,5,9,5,90.7,136.9,822.8,6.8,12.9,39,2.7,0.0,2.18,0.19119999999999737,0.036557439999999,24.703385062500036
6,5,9,5,88.1,53.3,726.9,5.4,13.7,56,1.8,0.0,4.42,-1.5593999999999975,2.431728359999992,12.175214490000007
1,4,9,7,92.2,102.3,751.5,8.4,24.2,27,3.1,0.0,0.0,-2.6563000000000017,7.055929690000009,1.6957248400000011
5,4,9,7,92.2,102.3,751.5,8.4,24.1,27,3.1,0.0,0.0,-2.3451000000000017,5.499494010000008,2.836024402499998
6,5,9,7,92.2,102.3,751.5,8.4,21.2,32,2.2,0.0,0.0,-0.8745999999999998,0.7649251599999997,2.8850721025
6,5,9,7,92.2,102.3,751.5,8.4,19.7,35,1.8,0.0,0.0,-0.8853,0.7837560899999999,3.2468436099999978
4,3,9,7,92.2,102.3,751.5,8.4,23.5,27,4.0,0.0,3.33,-1.5998999999999972,2.5596800099999912,5.230369
3,3,9,7,92.2,102.3,751.5,8.4,24.2,27,3.1,0.0,6.58,0.6732000000000005,0.45319824000000064,0.9363465224999998
7,4,9,7,91.2,124.4,795.3,8.5,21.5,28,4.5,0.0,15.64,1.1577999999999875,1.3405008399999712,31.24027448999996
4,4,9,7,91.2,124.4,795.3,8.5,17.1,41,2.2,0.0,11.22,0.3172999999999835,0.10067928999998951,52.25338082250003
1,4,9,2,92.1,87.7,721.1,9.5,18.1,54,3.1,0.0,2.13,-2.981499999999998,8.889342249999986,2.5587201600000005
2,3,9,2,91.6,108.4,764.0,6.2,18.0,51,5.4,0.0,0.0,-5.261699999999999,27.685486889999993,0.7006527025000009
4,3,9,2,91.6,108.4,764.0,6.2,9.8,86,1.8,0.0,0.0,-2.9370916666666678,8.626507458402784,1.8218250625000023
7,4,9,2,91.6,108.4,764.0,6.2,19.3,44,2.2,0.0,0.0,-3.493900000000002,12.207337210000013,2.426896622500004
6,3,9,2,91.6,108.4,764.0,6.2,23.0,34,2.2,0.0,56.04,19.64590000000001,385.9613868100005,48.87757656250011
8,6,9,2,91.6,108.4,764.0,6.2,22.7,35,2.2,0.0,7.48,-8.12620000000001,66.03512644000016,39.055625302500005
2,4,9,2,91.6,108.4,764.0,6.2,20.4,41,1.8,0.0,1.47,-1.6418000000000064,2.695507240000021,1.6814308899999948
2,5,9,2,91.6,108.4,764.0,6.2,19.3,44,2.2,0.0,3.93,-0.9783000000000057,0.9570708900000112,7.856248409999996
8,6,9,2,91.9,111.7,770.3,6.5,15.7,51,2.2,0.0,0.0,-5.1574,26.59877476,7.927884922499991
6,3,9,2,91.5,130.1,807.1,7.5,20.6,37,1.8,0.0,0.0,-6.391500000000001,40.85127225000001,10.256006250000006
8,6,9,2,91.5,130.1,807.1,7.5,15.9,51,4.5,0.0,2.18,-3.263540000000004,10.650693331600026,0.7857936025000011
6,3,9,2,91.5,130.1,807.1,7.5,12.2,66,4.9,0.0,6.1,-0.2849000000000057,0.08116801000000325,0.739600000000002
2,2,9,2,91.5,130.1,807.1,7.5,16.8,43,3.1,0.0,5.83,-14.30629999999997,204.67021968999913,19.709604202499996
1,4,9,2,91.5,130.1,807.1,7.5,21.3,35,2.2,0.0,28.19,7.273099999999978,52.897983609999685,5.280344410000075
5,4,9,6,92.1,99.0,745.3,9.6,10.1,75,3.6,0.0,0.0,-1.9149166666666662,3.6669058402777757,1.371240999999999
3,4,9,6,92.1,99.0,745.3,9.6,17.4,57,4.5,0.0,0.0,-3.0622666666666665,9.377477137777776,2.058938009999999
5,4,9,6,92.1,99.0,745.3,9.6,12.8,64,3.6,0.0,1.64,-0.33552499999999674,0.11257702562499781,5.008643999999986
5,4,9,6,92.1,99.0,745.3,9.6,10.1,75,3.6,0.0,3.71,1.7950833333333338,3.222324173611113,71.90022435999991
4,4,9,6,92.1,99.0,745.3,9.6,15.4,53,6.3,0.0,7.31,-0.39416666666665456,0.15536736111110158,31.024900000000024
7,4,9,6,92.1,99.0,745.3,9.6,20.6,43,3.6,0.0,2.03,-2.1699999999999986,4.708899999999994,0.0025000000000004264
7,4,9,6,92.1,99.0,745.3,9.6,19.8,47,2.7,0.0,1.72,-3.6593666666666813,13.390964401111217,0.6737947225000013
7,4,9,6,92.1,99.0,745.3,9.6,18.7,50,2.2,0.0,5.97,-2.4843666666666797,6.1720777344445095,19.61161224999999
4,4,9,6,92.1,99.0,745.3,9.6,20.8,35,4.9,0.0,13.06,5.4987523809523875,30.23627774702955,113.58443775999963
4,4,9,6,92.1,99.0,745.3,9.6,20.8,35,4.9,0.0,1.26,-6.301247619047613,39.705721556553215,0.0016200625000000275
6,3,9,6,92.5,122.0,789.7,10.2,15.9,55,3.6,0.0,0.0,-2.6320000000000006,6.927424000000003,2.3292864400000006
6,3,9,6,92.5,122.0,789.7,10.2,19.7,39,2.7,0.0,0.0,-2.4870000000000005,6.185169000000003,3.17124864
1,4,9,6,92.5,122.0,789.7,10.2,21.1,39,2.2,0.0,8.12,0.37829999999999586,0.14311088999999688,17.35597260249997
6,5,9,6,92.5,122.0,789.7,10.2,18.4,42,2.2,0.0,1.09,-0.5774000000000008,0.33339076000000095,0.788188840000001
4,3,9,6,92.5,122.0,789.7,10.2,17.3,45,4.0,0.0,3.94,0.472700000000001,0.22344529000000096,4.9920964899999865
7,4,9,6,88.2,55.2,732.3,11.6,15.2,64,3.1,0.0,0.52,-5.213766666666659,27.18336285444437,0.9854532900000003
4,3,9,3,91.9,111.7,770.3,6.5,15.9,53,2.2,0.0,2.93,-1.014900000000004,1.030022010000008,2.26773481
6,5,9,3,91.9,111.7,770.3,6.5,21.1,35,2.7,0.0,5.65,-2.0470999999999897,4.190618409999958,20.548542302500003
6,5,9,3,91.9,111.7,770.3,6.5,19.6,45,3.1,0.0,20.03,6.420600000000016,41.22410436000021,36.678164062499896
4,5,9,3,91.1,132.3,812.1,12.5,15.9,38,5.4,0.0,1.75,-4.025500000000001,16.204650250000007,0.15448830250000026
4,5,9,3,91.1,132.3,812.1,12.5,16.4,27,3.6,0.0,0.0,-3.2527999999999997,10.580707839999999,2.0112912400000016
6,5,9,7,91.2,94.3,744.4,8.4,16.8,47,4.9,0.0,12.64,-2.1343000000000156,4.555236490000067,134.7793293025
4,5,9,1,91.0,276.3,825.1,7.1,13.8,77,7.6,0.0,0.0,-3.0057000000000005,9.034232490000003,4.150183840000001
7,4,9,1,91.0,276.3,825.1,7.1,13.8,77,7.6,0.0,11.06,3.116900000000011,9.715065610000067,72.3333240100002
3,4,7,4,91.9,133.6,520.5,8.0,14.2,58,4.0,0.0,0.0,-3.901699999999999,15.223262889999992,0.0920212225
4,5,8,1,92.0,203.2,664.5,8.1,10.4,75,0.9,0.0,0.0,-6.28665,39.5219682225,0.7414071025000002
5,4,8,5,94.8,222.4,698.6,13.9,20.3,42,2.7,0.0,0.0,-3.8754000000000004,15.018725160000002,0.6054396100000002
6,5,9,6,90.3,290.0,855.3,7.4,10.3,78,4.0,0.0,18.3,4.025700000000013,16.206260490000105,10.120987822500057
6,5,9,7,91.2,94.3,744.4,8.4,15.4,57,4.9,0.0,39.35,11.104200000000041,123.30325764000092,0.09941409000000484
8,6,8,2,92.1,207.0,672.6,8.2,21.1,54,2.2,0.0,0.0,-1.8373000000000002,3.3756712900000005,2.2256164225000004
2,2,8,7,93.7,231.1,715.1,8.4,21.9,42,2.2,0.0,174.63,54.7642000000001,2999.1176016400113,641.4873217599952
6,5,3,5,90.9,18.9,30.6,8.0,8.7,51,5.8,0.0,0.0,-1.8844000000000005,3.550963360000002,0.3752175025000002
4,5,1,1,18.7,1.1,171.4,0.0,5.2,100,0.9,0.0,0.0,-6.536899999999998,42.731061609999976,15.840798002500014
5,4,7,4,93.7,101.3,458.8,11.9,19.3,39,7.2,0.0,7.73,-2.0696000000000048,4.28324416000002,47.50242084000001
8,6,8,5,90.7,194.1,643.0,6.8,16.2,63,2.7,0.0,16.33,1.2456000000000085,1.5515193600000212,68.46900515999988
8,6,8,4,95.2,217.7,690.0,18.0,28.2,29,1.8,0.0,5.86,-44.833299999999916,2010.0247888899926,21.1972764025
9,6,8,5,91.6,248.4,753.8,6.3,20.5,58,2.7,0.0,42.87,12.244700000000037,149.9326780900009,67.69340176000051
8,4,8,7,91.6,273.8,819.1,7.7,21.3,44,4.5,0.0,12.18,-0.9785999999999966,0.9576579599999934,104.5127959225
2,4,8,1,91.6,181.3,613.0,7.6,20.9,50,2.2,0.0,16.0,2.8567,8.16073489,9.606900249999917
3,4,9,1,90.5,96.7,750.5,11.4,20.6,55,5.4,0.0,24.59,5.300766666666689,28.098127254444684,11.609352562500032
5,5,3,5,90.9,18.9,30.6,8.0,11.6,48,5.4,0.0,0.0,-1.7986000000000004,3.2349619600000015,0.6196051225
6,4,8,6,94.8,227.0,706.7,12.0,23.3,34,3.1,0.0,28.74,5.719000000000008,32.70696100000009,69.59146662249971
7,4,8,6,94.8,227.0,706.7,12.0,23.3,34,3.1,0.0,0.0,-8.903300000000003,79.26875089000006,0.9752550024999994
7,4,2,2,84.7,9.5,58.3,4.1,7.5,71,6.3,0.0,9.96,-0.3028333333333375,0.09170802777778031,54.81181225000002
8,6,9,6,91.1,91.3,738.1,7.2,20.7,46,2.7,0.0,30.18,7.6081,57.883185610000005,10.687668639999893
1,3,9,1,91.0,276.3,825.1,7.1,21.9,43,4.0,0.0,70.76,16.60559999999991,275.74595135999704,312.6955622399992
2,4,3,3,93.4,15.0,25.6,11.4,15.2,19,7.6,0.0,0.0,-2.6836,7.201708960000001,0.3497539599999998
6,5,2,2,84.1,4.6,46.7,2.2,5.3,68,1.8,0.0,0.0,-4.4675,19.95855625,4.583666902500003
4,5,2,1,85.0,9.0,56.9,3.5,10.1,62,1.8,0.0,51.78,18.937899999999964,358.6440564099986,85.15321562249927
4,3,9,1,90.5,96.7,750.5,11.4,20.4,55,4.9,0.0,3.64,-5.96913333333333,35.630552751111075,9.135204002500004
5,6,8,1,91.6,181.3,613.0,7.6,24.3,33,3.6,0.0,3.63,-3.2105333333333315,10.307524284444433,1.2004489224999961
1,2,8,7,93.7,231.1,715.1,8.4,25.9,32,3.1,0.0,0.0,-19.453200000000002,378.4269902400001,2.657389022500001
9,5,6,4,93.3,49.5,297.7,14.0,28.0,34,4.5,0.0,0.0,-5.401971428571431,29.18129531510207,15.526358122500021
9,5,6,4,93.3,49.5,297.7,14.0,28.0,34,4.5,0.0,8.16,2.758028571428569,7.6067216008163125,27.964530422499717
3,4,9,5,91.1,88.2,731.7,8.3,22.8,46,4.0,0.0,4.95,-2.3775666666666657,5.65282325444444,14.047129202500003
9,9,8,6,94.8,227.0,706.7,12.0,25.0,36,4.0,0.0,0.0,-32.81099999999999,1076.5617209999996,7.0514147025000025
8,6,8,5,90.7,194.1,643.0,6.8,21.3,41,3.6,0.0,0.0,-5.7715999999999985,33.31136655999998,4.272902410000001
2,4,9,4,87.9,84.8,725.1,3.7,21.8,34,2.2,0.0,6.04,-0.08799999999999919,0.007743999999999858,6.424197160000007
2,2,8,3,94.6,212.1,680.9,9.5,27.9,27,2.2,0.0,0.0,-16.769099999999998,281.2027148099999,2.5161890625000027
6,5,9,7,87.1,291.3,860.6,4.0,17.0,67,4.9,0.0,3.95,-1.7634999999999987,3.1099322499999955,0.4605658224999906
4,5,2,7,84.7,8.2,55.0,2.9,14.2,46,4.0,0.0,0.0,-1.6237000000000001,2.6364016900000005,0.37332099999999974
4,3,9,6,90.3,290.0,855.3,7.4,19.9,44,3.1,0.0,7.8,-4.877099999999985,23.786104409999858,45.216210489999995
1,4,7,3,92.3,96.2,450.2,12.1,23.4,31,5.4,0.0,0.0,-1.0669499999999998,1.1383823024999997,4.913758889999998
6,3,2,6,84.1,7.3,52.8,2.7,14.7,42,2.7,0.0,0.0,-2.7872999999999997,7.769041289999998,1.6564977025000018
7,4,2,6,84.6,3.2,43.6,3.3,8.2,53,9.4,0.0,4.62,-5.021100000000003,25.211445210000033,4.655453522500005
9,4,7,2,92.3,92.1,442.1,9.8,22.8,27,4.5,0.0,1.63,-7.8434,61.51892356,0.49893032249999847
7,5,8,7,93.7,231.1,715.1,8.4,26.4,33,3.6,0.0,0.0,-15.688800000000004,246.13844544000014,3.7500322499999963
5,4,8,1,93.6,235.1,723.1,10.1,24.1,50,4.0,0.0,0.0,-4.605599999999998,21.211551359999984,7.093699560000008
8,6,8,5,94.8,222.4,698.6,13.9,27.5,27,4.9,0.0,746.28,207.8526000000004,43202.703326760166,309182.5945556103
6,3,7,3,92.7,164.1,575.8,8.9,26.3,39,3.1,0.0,7.02,-6.642199999999992,44.11882083999989,25.70743506249999
6,5,3,4,93.4,17.3,28.3,9.9,13.8,24,5.8,0.0,0.0,-1.5625,2.44140625,3.762436090000005
2,4,8,1,92.0,203.2,664.5,8.1,24.9,42,5.4,0.0,2.44,-1.1877999999999989,1.4108688399999973,0.010650240000000128
2,5,8,1,91.6,181.3,613.0,7.6,24.8,36,4.0,0.0,3.05,-1.856600000000002,3.4469635600000075,0.0018792225000000577
8,8,8,4,91.7,191.4,635.9,7.8,26.2,36,4.5,0.0,185.76,62.190333333333214,3867.6375601110963,404.13865023999836
2,4,8,4,95.2,217.7,690.0,18.0,30.8,19,4.5,0.0,0.0,-54.69199999999998,2991.2148639999978,21.30284025000008
8,6,7,1,88.9,263.1,795.9,5.2,29.3,27,3.6,0.0,6.3,-175.68119999999982,30863.884033439936,5.177672702499972
1,3,9,7,91.2,94.3,744.4,8.4,22.3,48,4.0,0.0,0.72,-4.424933333333342,19.580035004444518,21.95297315999999
8,6,8,7,93.7,231.1,715.1,8.4,26.9,31,3.6,0.0,4.96,-65.64510000000001,4309.279154010002,7.083848402499993
2,2,8,5,91.6,248.4,753.8,6.3,20.4,56,2.2,0.0,0.0,-16.556600000000003,274.1210035600001,1.433287840000001
8,6,8,5,91.6,248.4,753.8,6.3,20.4,56,2.2,0.0,0.0,-8.290673333333332,68.73526432004444,3.4319415024999995
2,4,8,2,92.1,207.0,672.6,8.2,27.9,33,2.2,0.0,2.35,-7.325900000000015,53.66881081000022,1.566127102500002
1,3,8,5,94.8,222.4,698.6,13.9,26.2,34,5.8,0.0,0.0,-102.1407,10432.722596489999,10.120669689999998
3,4,8,1,91.6,181.3,613.0,7.6,24.6,44,4.0,0.0,3.2,-1.1032999999999964,1.217270889999992,0.6739589024999976
7,4,9,5,89.7,287.2,849.3,6.8,19.4,45,3.6,0.0,0.0,-3.9304000000000006,15.448044160000004,16.463712002499964
1,3,8,7,92.1,178.0,605.3,9.6,23.3,40,4.0,0.0,6.36,-3.275000000000005,10.725625000000031,22.159614759999997
8,6,8,5,94.8,222.4,698.6,13.9,23.9,38,6.7,0.0,0.0,-10.1693,103.41466249,6.092751722500007
2,4,8,1,93.6,235.1,723.1,10.1,20.9,66,4.9,0.0,15.34,4.034699999999997,16.278804089999976,94.19090703999981
1,4,8,6,90.6,269.8,811.2,5.5,22.2,45,3.6,0.0,0.0,-14.5012,210.28480144000002,22.094700249999974
2,5,7,7,90.8,84.7,376.6,5.6,23.8,51,1.8,0.0,0.0,-0.8622,0.7433888399999999,4.284279022500004
8,6,8,2,92.1,207.0,672.6,8.2,26.8,35,1.3,0.0,0.54,-6.176399999999996,38.14791695999995,3.723742090000012
8,6,8,7,89.4,253.6,768.4,9.7,14.2,73,2.7,0.0,0.0,-2.0833,4.3401388899999995,4.871290410000002
2,5,8,7,93.7,231.1,715.1,8.4,23.6,53,4.0,0.0,6.43,-5.219699999999996,27.245268089999957,25.917262809999997
1,3,9,6,91.1,91.3,738.1,7.2,19.1,46,2.2,0.0,0.33,-7.26260000000001,52.745358760000144,3.9029953600000002
5,4,9,6,90.3,290.0,855.3,7.4,16.2,58,3.6,0.0,0.0,-3.1456999999999997,9.895428489999999,11.736448222499982
8,6,8,2,92.1,207.0,672.6,8.2,25.5,29,1.8,0.0,1.23,-4.223600000000003,17.838796960000025,0.02301289000000012
6,5,4,2,87.9,24.9,41.6,3.7,10.9,64,3.1,0.0,3.35,-1.4054000000000078,1.9751491600000217,3.2715765624999973
1,2,7,6,90.7,80.9,368.3,16.8,14.8,78,8.0,0.0,0.0,-4.394899999999999,19.31514600999999,3.5615238399999964
2,5,9,6,90.3,290.0,855.3,7.4,16.2,58,3.6,0.0,9.96,2.302799999999996,5.302887839999982,5.091792249999932
5,5,8,1,94.0,47.9,100.7,10.7,17.3,80,4.5,0.0,0.0,-2.858199999999999,8.169307239999995,0.5492292099999994
6,5,8,1,92.0,203.2,664.5,8.1,19.1,70,2.2,0.0,0.0,-3.4635333333333325,11.996063151111105,0.43197756250000013
3,4,3,4,93.4,17.3,28.3,9.9,8.9,35,8.0,0.0,0.0,-2.720800000000001,7.402752640000005,2.093519609999998
7,4,9,4,89.7,284.9,844.0,10.1,10.5,77,4.0,0.0,0.0,-2.948366666666667,8.692866001111112,2.161194009999998
7,4,8,1,91.6,181.3,613.0,7.6,19.3,61,4.9,0.0,0.0,-5.800800000000001,33.64928064000001,0.3866974224999999
4,5,8,4,95.2,217.7,690.0,18.0,23.4,49,5.4,0.0,6.43,0.5017333333333358,0.25173633777778026,0.0005712100000000971
1,4,8,6,90.5,196.8,649.9,16.3,11.8,88,4.9,0.0,9.71,-8.844500000000014,78.22518025000025,81.0927265225
7,4,8,2,91.5,238.2,730.6,7.5,17.7,65,4.0,0.0,0.0,-0.9991,0.9982008099999999,0.9211200625000002
4,5,8,5,89.4,266.2,803.3,5.6,17.4,54,3.1,0.0,0.0,-1.2462000000000002,1.5530144400000006,5.628993502500006
3,4,8,5,91.6,248.4,753.8,6.3,16.8,56,3.1,0.0,0.0,-0.3757,0.14115049,12.661143062499963
3,4,7,2,94.6,160.0,567.2,16.7,17.9,48,2.7,0.0,0.0,-3.315699999999999,10.993866489999995,0.6746979599999995
2,4,8,5,91.6,248.4,753.8,6.3,16.6,59,2.7,0.0,0.0,-2.6973,7.275427289999999,0.08113952249999996
1,4,8,4,91.7,191.4,635.9,7.8,19.9,50,4.0,0.0,82.75,29.14140000000001,849.2211939600006,362.2893492099969
8,6,8,7,93.7,231.1,715.1,8.4,18.9,64,4.9,0.0,3.32,0.8919933333333341,0.7956521067111124,21.451255402500006
7,4,8,7,91.6,273.8,819.1,7.7,15.5,72,8.0,0.0,1.94,-2.534739999999999,6.4249068675999945,0.2847289599999989
2,5,8,7,93.7,231.1,715.1,8.4,18.9,64,4.9,0.0,0.0,-3.0278666666666676,9.167976551111117,1.5103181025000016
8,6,8,7,93.7,231.1,715.1,8.4,18.9,64,4.9,0.0,0.0,-2.4280066666666658,5.895216373377774,1.1431886400000018
1,4,9,1,91.0,276.3,825.1,7.1,14.5,76,7.6,0.0,3.71,-8.138400000000019,66.2335545600003,0.9356692900000014
6,5,2,3,75.1,4.4,16.2,1.9,4.6,82,6.3,0.0,5.39,0.34292666666667326,0.11759869871111564,4.898254240000003
6,4,2,3,75.1,4.4,16.2,1.9,5.1,77,5.4,0.0,2.14,-1.1595999999999953,1.3446721599999891,6.205579210000017
2,2,2,7,79.5,3.6,15.3,1.8,4.6,59,0.9,0.0,6.84,-8.340800000000002,69.56894464000003,31.852478440000006
6,5,3,2,87.2,15.1,36.9,7.1,10.2,45,5.8,0.0,3.18,-1.0371000000000055,1.0755764100000114,0.9859497024999974
3,4,3,4,90.2,18.5,41.1,7.3,11.2,41,5.4,0.0,5.55,0.6723999999999952,0.4521217599999936,0.9310320100000001
6,5,3,5,91.3,20.6,43.5,8.5,13.3,27,3.6,0.0,6.61,-1.1114000000000086,1.235209960000019,33.673068122500005
6,3,4,1,91.0,14.6,25.6,12.3,13.7,33,9.4,0.0,61.13,24.588433333333278,604.5910537877751,105.84500160999956
5,4,4,1,91.0,14.6,25.6,12.3,17.6,27,5.8,0.0,0.0,-8.001600000000002,64.02560256000002,1.1930100624999984
4,3,5,6,89.6,25.4,73.7,5.7,18.0,40,4.0,0.0,38.48,15.96189999999999,254.78225160999966,365.44821889000195
8,3,6,2,88.2,96.2,229.0,4.7,14.3,79,4.0,0.0,1.94,-2.797099999999998,7.82376840999999,1.7250195599999998
9,4,6,7,90.5,61.1,252.6,9.4,24.5,50,3.1,0.0,70.32,12.906100000000038,166.56741721000097,577.6091222500012
4,3,6,5,93.0,103.8,316.7,10.8,26.4,35,2.7,0.0,10.08,-1.824399999999999,3.328435359999996,63.25339024000001
2,5,6,5,93.7,121.7,350.2,18.0,22.7,40,9.4,0.0,3.19,-15.05096666666668,226.5315976011115,6.21579692250002
4,3,7,5,93.5,85.3,395.0,9.9,27.2,28,1.3,0.0,1.76,-4.150599999999999,17.22748035999999,0.7621289999999992
4,3,7,1,93.7,101.3,423.4,14.7,26.1,45,4.0,0.0,7.36,-3.160900000000006,9.991288810000038,31.278852562500006
7,4,7,1,93.7,101.3,423.4,14.7,18.2,82,4.5,0.0,2.21,-1.4156749999999976,2.0041357056249933,0.13983860249999902
7,4,7,2,89.2,103.9,431.6,6.4,22.6,57,4.9,0.0,278.53,83.00779999999992,6890.2948608399865,11291.761411289994
9,9,7,5,93.2,114.4,560.0,9.5,30.2,25,4.5,0.0,2.75,-35.52620000000001,1262.1108864400007,1.712957439999998
4,3,7,5,93.2,114.4,560.0,9.5,30.2,22,4.9,0.0,0.0,-18.431800000000003,339.7312512400001,4.465614239999998
3,4,8,1,94.9,130.3,587.1,14.1,23.4,40,5.8,0.0,1.29,-2.4879000000000064,6.189646410000032,0.019923322499999906
8,6,8,1,94.9,130.3,587.1,14.1,31.0,27,5.4,0.0,0.0,-60.62369999999999,3675.233001689999,15.996400202500023
2,5,8,1,94.9,130.3,587.1,14.1,33.1,25,4.0,0.0,26.43,1.7263000000000055,2.980111690000019,243.10266806249953
2,4,8,2,95.0,135.5,596.3,21.3,30.6,28,3.6,0.0,2.07,-4.721300000000005,22.290673690000045,5.624012250000041
5,4,8,3,95.1,141.3,605.8,17.7,24.1,43,6.3,0.0,2.0,-2.860566666666667,8.182841654444447,0.0134676025000001
5,4,8,3,95.1,141.3,605.8,17.7,26.4,34,3.6,0.0,16.4,2.591033333333325,6.713453734444401,11.394337802500136
4,4,8,3,95.1,141.3,605.8,17.7,19.4,71,7.6,0.0,46.7,13.989800000000038,195.71450404000106,12.50506406250037
4,4,8,4,95.1,141.3,605.8,17.7,20.6,58,1.3,0.0,0.0,-2.2495000000000003,5.060250250000001,0.7630022500000009
4,4,8,4,95.1,141.3,605.8,17.7,28.7,33,4.0,0.0,0.0,-2.3536000000000006,5.539432960000003,4.458009959999991
4,4,8,5,95.8,152.0,624.1,13.8,32.4,21,4.5,0.0,0.0,-9.4234,88.80046756000002,75.68565006249993
1,3,8,6,95.9,158.0,633.6,11.3,32.4,27,2.2,0.0,0.0,-7.350700000000001,54.03279049000001,3.1390980625000022
1,3,8,6,95.9,158.0,633.6,11.3,27.5,29,4.5,0.0,43.32,-13.697900000000018,187.6324644100005,1748.3687822499999
6,6,8,7,96.0,164.0,643.0,14.0,30.8,30,4.9,0.0,8.59,-23.899300000000043,571.176540490002,167.47336332250103
6,6,8,2,96.2,175.5,661.8,16.8,23.9,42,2.2,0.0,0.0,-1.0127666666666664,1.0256963211111105,5.395399839999998
4,5,8,2,96.2,175.5,661.8,16.8,32.6,26,3.1,0.0,2.77,-4.961199999999991,24.61350543999991,0.32775625000000075
3,4,8,3,96.1,181.1,671.2,14.3,32.3,27,2.2,0.0,14.68,0.7824000000000044,0.6121497600000069,75.38841102250004
6,5,8,3,96.1,181.1,671.2,14.3,33.3,26,2.7,0.0,40.54,11.307300000000026,127.85503329000059,2.1362745599999706
7,5,8,3,96.1,181.1,671.2,14.3,27.3,63,4.9,6.4,10.82,-8.250199999999989,68.06580003999981,71.75699390249997
8,6,8,3,96.1,181.1,671.2,14.3,21.6,65,4.9,0.8,0.0,-1.831233333333333,3.35341552111111,1.4949952899999996
7,5,8,3,96.1,181.1,671.2,14.3,21.6,65,4.9,0.8,0.0,-1.2657,1.60199649,8.292672089999998
4,4,8,3,96.1,181.1,671.2,14.3,20.7,69,4.9,0.4,0.0,-2.0164,4.0658689599999995,0.5568890625000006
2,4,8,4,94.5,139.4,689.1,20.0,29.2,30,4.9,0.0,1.95,-6.177600000000013,38.162741760000166,0.004658062499999838
4,3,8,4,94.5,139.4,689.1,20.0,28.9,29,4.9,0.0,49.59,18.980699999999995,360.26697248999983,562.9586655625059
1,2,8,5,91.0,163.2,744.4,10.1,26.7,35,1.8,0.0,5.8,-4.8570999999999875,23.59142040999988,17.149123322499996
1,2,8,6,91.0,166.9,752.6,7.1,18.5,73,8.5,0.0,0.0,-14.5183,210.78103489,4.774880522499998
2,4,8,6,91.0,166.9,752.6,7.1,25.9,41,3.6,0.0,0.0,-6.795699999999999,46.18153848999999,5.675353290000006
1,2,8,6,91.0,166.9,752.6,7.1,25.9,41,3.6,0.0,0.0,-7.473099999999999,55.84722360999998,7.488979560000008
5,4,8,6,91.0,166.9,752.6,7.1,21.1,71,7.6,1.4,2.17,-5.171299999999993,26.74234368999993,0.034633210000000886
6,5,8,6,91.0,166.9,752.6,7.1,18.2,62,5.4,0.0,0.43,-0.7089666666666681,0.5026337344444465,1.8933759999999966
8,6,8,1,81.6,56.7,665.6,1.9,27.8,35,2.7,0.0,0.0,-8.645500000000004,74.74467025000007,39.6522090000001
4,3,8,1,81.6,56.7,665.6,1.9,27.8,32,2.7,0.0,6.44,-2.5900000000000185,6.708100000000096,9.837318602500002
2,4,8,1,81.6,56.7,665.6,1.9,21.9,71,5.8,0.0,54.29,3.829066666666691,14.661751537777963,1399.9308649225
7,4,8,1,81.6,56.7,665.6,1.9,21.2,70,6.7,0.0,11.16,-8.864100000000029,78.57226881000051,91.96905900249999
1,4,8,7,94.4,146.0,614.7,11.3,25.6,42,4.0,0.0,0.0,-23.63770000000001,558.7408612900005,4.981600802500002
6,3,11,3,79.5,3.0,106.7,1.1,11.8,31,4.5,0.0,0.0,-3.5471000000000004,12.581918410000002,5.756160639999996
